{
  "type": "FeatureCollection",
  "features": [
    {
      "type": "Feature",
      "geometry": {
        "type": "LineString",
        "coordinates": [
          [
            -5.9966739,
            37.390113
          ],
          [
            -5.9966216,
            37.3901118
          ],
          [
            -5.996062,
            37.3900989
          ],
          [
            -5.9960109,
            37.389962
          ]
        ]
      },
      "properties": {
        "name": "Calle Rosario",
        "id": "18979198",
        "wikipedia_link": "https://es.wikipedia.org/wiki/Rosario",
        "gender": "female",
        "scale": 2,
        "category": "historica",
        "typeofroad": "living_street"
      }
    },
    {
      "type": "Feature",
      "geometry": {
        "type": "LineString",
        "coordinates": [
          [
            -5.9925585,
            37.3894138
          ],
          [
            -5.9929113,
            37.3895428
          ],
          [
            -5.9932023,
            37.3896493
          ],
          [
            -5.9932245,
            37.3896574
          ]
        ]
      },
      "properties": {
        "name": "Calle Blanca de los Ríos",
        "id": "19095773",
        "wikipedia_link": "https://es.wikipedia.org/wiki/Blanca_de_los_Ríos",
        "gender": "female",
        "scale": 2,
        "category": "escritora",
        "typeofroad": "pedestrian"
      }
    },
    {
      "type": "Feature",
      "geometry": {
        "type": "LineString",
        "coordinates": [
          [
            -5.9975115,
            37.3938382
          ],
          [
            -5.9975323,
            37.3937593
          ],
          [
            -5.9976482,
            37.393295
          ],
          [
            -5.9977077,
            37.3928855
          ]
        ]
      },
      "properties": {
        "name": "Calle Santa Vicenta María",
        "id": "19095799",
        "wikipedia_link": "https://es.wikipedia.org/wiki/Vicenta_María_López_y_Vicuña",
        "gender": "female",
        "scale": 2,
        "category": "santa",
        "typeofroad": "living_street"
      }
    },
    {
      "type": "Feature",
      "geometry": {
        "type": "LineString",
        "coordinates": [
          [
            -5.9989889,
            37.3905268
          ],
          [
            -5.9990428,
            37.3904938
          ],
          [
            -5.999484,
            37.3902241
          ],
          [
            -5.9995367,
            37.3901919
          ]
        ]
      },
      "properties": {
        "name": "Calle Virgen de la Presentación",
        "id": "19124192",
        "wikipedia_link": "https://es.wikipedia.org/wiki/Virgen_de_la_Presentación",
        "gender": "female",
        "scale": 2,
        "category": "religiosa",
        "typeofroad": "living_street"
      }
    },
    {
      "type": "Feature",
      "geometry": {
        "type": "LineString",
        "coordinates": [
          [
            -5.9975016,
            37.3880869
          ],
          [
            -5.9978842,
            37.3877117
          ]
        ]
      },
      "properties": {
        "name": "Calle Doña Guiomar",
        "id": "19124204",
        "wikipedia_link": "",
        "gender": "female",
        "scale": 2,
        "category": "historica",
        "typeofroad": "living_street"
      }
    },
    {
      "type": "Feature",
      "geometry": {
        "type": "LineString",
        "coordinates": [
          [
            -5.9751468,
            37.4022548
          ],
          [
            -5.9754752,
            37.40245
          ],
          [
            -5.9761998,
            37.4028746
          ],
          [
            -5.9766287,
            37.4031231
          ],
          [
            -5.9769736,
            37.4033318
          ]
        ]
      },
      "properties": {
        "name": "Calle Santa María de los Reyes",
        "id": "19745486",
        "wikipedia_link": "https://es.wikipedia.org/wiki/Santa_María_de_los_Reyes",
        "gender": "female",
        "scale": 2,
        "category": "religiosa",
        "typeofroad": "residential"
      }
    },
    {
      "type": "Feature",
      "geometry": {
        "type": "LineString",
        "coordinates": [
          [
            -5.9956746,
            37.4036411
          ],
          [
            -5.9958125,
            37.4034871
          ]
        ]
      },
      "properties": {
        "name": "Plaza Duquesa Cayetana de Alba",
        "id": "19746878",
        "wikipedia_link": "https://es.wikipedia.org/wiki/Cayetana_Fitz-James_Stuart",
        "gender": "female",
        "scale": 2,
        "category": "historica",
        "typeofroad": "primary"
      }
    },
    {
      "type": "Feature",
      "geometry": {
        "type": "LineString",
        "coordinates": [
          [
            -5.9893462,
            37.387178
          ],
          [
            -5.9891712,
            37.3870634
          ],
          [
            -5.9889967,
            37.386971
          ],
          [
            -5.988742,
            37.3867656
          ]
        ]
      },
      "properties": {
        "name": "Calle Fabiola",
        "id": "19790070",
        "wikipedia_link": "https://es.wikipedia.org/wiki/Fabiola",
        "gender": "female",
        "scale": 2,
        "category": "santa",
        "typeofroad": "living_street"
      }
    },
    {
      "type": "Feature",
      "geometry": {
        "type": "LineString",
        "coordinates": [
          [
            -5.9893377,
            37.3860607
          ],
          [
            -5.989236,
            37.3859473
          ],
          [
            -5.9891292,
            37.3858312
          ],
          [
            -5.9890515,
            37.3857879
          ],
          [
            -5.9890096,
            37.3857089
          ],
          [
            -5.9889167,
            37.3857433
          ],
          [
            -5.9887593,
            37.3855295
          ],
          [
            -5.9887824,
            37.3855188
          ],
          [
            -5.9885971,
            37.3852422
          ]
        ]
      },
      "properties": {
        "name": "Calle Santa Teresa",
        "id": "19790071",
        "wikipedia_link": "https://es.wikipedia.org/wiki/Santa_Teresa",
        "gender": "female",
        "scale": 2,
        "category": "santa",
        "typeofroad": "pedestrian"
      }
    },
    {
      "type": "Feature",
      "geometry": {
        "type": "LineString",
        "coordinates": [
          [
            -5.9871264,
            37.3877707
          ],
          [
            -5.986841,
            37.3875723
          ],
          [
            -5.9864983,
            37.3873448
          ],
          [
            -5.9863388,
            37.3872403
          ],
          [
            -5.9862316,
            37.3871917
          ]
        ]
      },
      "properties": {
        "name": "Calle Virgen de la Alegría",
        "id": "19802260",
        "wikipedia_link": "https://es.wikipedia.org/wiki/Virgen_de_la_galería",
        "gender": "female",
        "scale": 2,
        "category": "religiosa",
        "typeofroad": "living_street"
      }
    },
    {
      "type": "Feature",
      "geometry": {
        "type": "LineString",
        "coordinates": [
          [
            -5.987982,
            37.3948333
          ],
          [
            -5.9880393,
            37.3948323
          ],
          [
            -5.9884941,
            37.3948702
          ]
        ]
      },
      "properties": {
        "name": "Calle Doña María Coronel",
        "id": "19804753",
        "wikipedia_link": "",
        "gender": "female",
        "scale": 2,
        "category": "religiosa",
        "typeofroad": "residential"
      }
    },
    {
      "type": "Feature",
      "geometry": {
        "type": "LineString",
        "coordinates": [
          [
            -5.9903812,
            37.3925392
          ],
          [
            -5.99034,
            37.3926361
          ],
          [
            -5.9903295,
            37.3926566
          ],
          [
            -5.9902584,
            37.3927955
          ]
        ]
      },
      "properties": {
        "name": "Calle Santa Ángela de la Cruz",
        "id": "19804755",
        "wikipedia_link": "https://es.wikipedia.org/wiki/Ángela_de_la_Cruz",
        "gender": "female",
        "scale": 2,
        "category": "santa",
        "typeofroad": "residential"
      }
    },
    {
      "type": "Feature",
      "geometry": {
        "type": "LineString",
        "coordinates": [
          [
            -5.9846223,
            37.3928563
          ],
          [
            -5.9845576,
            37.3932187
          ]
        ]
      },
      "properties": {
        "name": "Calle de Doña Berenguela",
        "id": "19804781",
        "wikipedia_link": "https://es.wikipedia.org/wiki/Berenguela_I_de_Castilla",
        "gender": "female",
        "scale": 2,
        "category": "historica",
        "typeofroad": "residential"
      }
    },
    {
      "type": "Feature",
      "geometry": {
        "type": "LineString",
        "coordinates": [
          [
            -5.9879411,
            37.3933056
          ],
          [
            -5.9879993,
            37.3932984
          ],
          [
            -5.9881971,
            37.3932668
          ],
          [
            -5.9882153,
            37.393276
          ]
        ]
      },
      "properties": {
        "name": "Calle Santa Catalina",
        "id": "19804794",
        "wikipedia_link": "https://es.wikipedia.org/wiki/Santa_Catalina",
        "gender": "female",
        "scale": 2,
        "category": "santa",
        "typeofroad": "residential"
      }
    },
    {
      "type": "Feature",
      "geometry": {
        "type": "LineString",
        "coordinates": [
          [
            -5.9954009,
            37.3965506
          ],
          [
            -5.9953913,
            37.3965455
          ],
          [
            -5.9950669,
            37.3963733
          ]
        ]
      },
      "properties": {
        "name": "Calle Santa Bárbara",
        "id": "19804804",
        "wikipedia_link": "https://es.wikipedia.org/wiki/Santa_Bárbara",
        "gender": "female",
        "scale": 2,
        "category": "santa",
        "typeofroad": "living_street"
      }
    },
    {
      "type": "Feature",
      "geometry": {
        "type": "LineString",
        "coordinates": [
          [
            -5.9943883,
            37.398921
          ],
          [
            -5.9944063,
            37.3985627
          ],
          [
            -5.9944312,
            37.3980669
          ]
        ]
      },
      "properties": {
        "name": "Calle Leonor Dávalos",
        "id": "19909757",
        "wikipedia_link": "",
        "gender": "female",
        "scale": 2,
        "category": "historica",
        "typeofroad": "pedestrian"
      }
    },
    {
      "type": "Feature",
      "geometry": {
        "type": "LineString",
        "coordinates": [
          [
            -5.9944063,
            37.3985627
          ],
          [
            -5.9942605,
            37.3985434
          ],
          [
            -5.9941045,
            37.3985228
          ],
          [
            -5.9940625,
            37.3985189
          ]
        ]
      },
      "properties": {
        "name": "Calle Urraca Osorio",
        "id": "19909758",
        "wikipedia_link": "",
        "gender": "female",
        "scale": 2,
        "category": "historica",
        "typeofroad": "pedestrian"
      }
    },
    {
      "type": "Feature",
      "geometry": {
        "type": "LineString",
        "coordinates": [
          [
            -5.9918184,
            37.3979813
          ],
          [
            -5.9918378,
            37.3980017
          ],
          [
            -5.9919771,
            37.3981576
          ],
          [
            -5.9924417,
            37.3985902
          ],
          [
            -5.9924913,
            37.3986365
          ]
        ]
      },
      "properties": {
        "name": "Calle Santa Rufina",
        "id": "19909787",
        "wikipedia_link": "https://es.wikipedia.org/wiki/Santa_Rufina",
        "gender": "female",
        "scale": 2,
        "category": "santa",
        "typeofroad": "living_street"
      }
    },
    {
      "type": "Feature",
      "geometry": {
        "type": "LineString",
        "coordinates": [
          [
            -5.9865867,
            37.4019022
          ],
          [
            -5.9866456,
            37.4011752
          ],
          [
            -5.9866624,
            37.4007091
          ]
        ]
      },
      "properties": {
        "name": "Calle Antonia Sáenz",
        "id": "21766577",
        "wikipedia_link": "",
        "gender": "female",
        "scale": 2,
        "category": "historica",
        "typeofroad": "living_street"
      }
    },
    {
      "type": "Feature",
      "geometry": {
        "type": "LineString",
        "coordinates": [
          [
            -5.9894832,
            37.4005074
          ],
          [
            -5.9894826,
            37.4004902
          ],
          [
            -5.9894815,
            37.4004769
          ],
          [
            -5.9894532,
            37.3999229
          ],
          [
            -5.9894808,
            37.3999066
          ]
        ]
      },
      "properties": {
        "name": "Calle Virgen del Carmen Dolorosa",
        "id": "21766631",
        "wikipedia_link": "",
        "gender": "female",
        "scale": 2,
        "category": "religiosa",
        "typeofroad": "pedestrian"
      }
    },
    {
      "type": "Feature",
      "geometry": {
        "type": "LineString",
        "coordinates": [
          [
            -5.9883305,
            37.4013483
          ],
          [
            -5.9877736,
            37.4013127
          ]
        ]
      },
      "properties": {
        "name": "Eustaquia Barrón",
        "id": "21834976",
        "wikipedia_link": "",
        "gender": "female",
        "scale": 2,
        "category": "historica",
        "typeofroad": "living_street"
      }
    },
    {
      "type": "Feature",
      "geometry": {
        "type": "LineString",
        "coordinates": [
          [
            -5.9876591,
            37.3826065
          ],
          [
            -5.9876048,
            37.3825799
          ],
          [
            -5.9875736,
            37.3825723
          ],
          [
            -5.9874723,
            37.3825437
          ],
          [
            -5.9871059,
            37.3824439
          ],
          [
            -5.9869005,
            37.3825169
          ]
        ]
      },
      "properties": {
        "name": "Plaza Alcaldesa Soledad Becerril",
        "id": "22295867",
        "wikipedia_link": "https://es.wikipedia.org/wiki/Soledad_Becerril",
        "gender": "female",
        "scale": 2,
        "category": "politica",
        "typeofroad": "tertiary"
      }
    },
    {
      "type": "Feature",
      "geometry": {
        "type": "LineString",
        "coordinates": [
          [
            -5.9869005,
            37.3825169
          ],
          [
            -5.9868837,
            37.3825909
          ],
          [
            -5.9868753,
            37.3826258
          ]
        ]
      },
      "properties": {
        "name": "Plaza Alcaldesa Soledad Becerril",
        "id": "22295867",
        "wikipedia_link": "https://es.wikipedia.org/wiki/Soledad_Becerril",
        "gender": "female",
        "scale": 2,
        "category": "politica",
        "typeofroad": "tertiary"
      }
    },
    {
      "type": "Feature",
      "geometry": {
        "type": "LineString",
        "coordinates": [
          [
            -5.983107,
            37.3804822
          ],
          [
            -5.9831236,
            37.3803627
          ],
          [
            -5.9831869,
            37.3802983
          ],
          [
            -5.9832288,
            37.380282
          ],
          [
            -5.9832683,
            37.3802666
          ],
          [
            -5.983355,
            37.3802725
          ],
          [
            -5.9843294,
            37.3805431
          ],
          [
            -5.9844727,
            37.3805815
          ]
        ]
      },
      "properties": {
        "name": "Calle Virgen de la Sierra",
        "id": "22295876",
        "wikipedia_link": "https://es.wikipedia.org/wiki/Virgen_de_la_Sierra",
        "gender": "female",
        "scale": 2,
        "category": "religiosa",
        "typeofroad": "residential"
      }
    },
    {
      "type": "Feature",
      "geometry": {
        "type": "LineString",
        "coordinates": [
          [
            -5.9861929,
            37.3822762
          ],
          [
            -5.9863338,
            37.3819353
          ],
          [
            -5.9863815,
            37.3818234
          ],
          [
            -5.9864625,
            37.3818053
          ]
        ]
      },
      "properties": {
        "name": "Calle Abogada Aurora León",
        "id": "22295877",
        "wikipedia_link": "",
        "gender": "female",
        "scale": 2,
        "category": "politica",
        "typeofroad": "residential"
      }
    },
    {
      "type": "Feature",
      "geometry": {
        "type": "LineString",
        "coordinates": [
          [
            -5.9958558,
            37.4022468
          ],
          [
            -5.9959461,
            37.4020488
          ]
        ]
      },
      "properties": {
        "name": "Calle Santa Clara",
        "id": "22742213",
        "wikipedia_link": "https://es.wikipedia.org/wiki/Santa_Clara",
        "gender": "female",
        "scale": 2,
        "category": "santa",
        "typeofroad": "living_street"
      }
    },
    {
      "type": "Feature",
      "geometry": {
        "type": "LineString",
        "coordinates": [
          [
            -5.9919146,
            37.3819376
          ],
          [
            -5.9919307,
            37.3818981
          ],
          [
            -5.9923508,
            37.3808662
          ],
          [
            -5.9924333,
            37.3808142
          ],
          [
            -5.992708,
            37.3807528
          ]
        ]
      },
      "properties": {
        "name": "Calle Doña María de Padilla",
        "id": "22744088",
        "wikipedia_link": "https://es.wikipedia.org/wiki/María_de_Padilla",
        "gender": "female",
        "scale": 2,
        "category": "historica",
        "typeofroad": "residential"
      }
    },
    {
      "type": "Feature",
      "geometry": {
        "type": "LineString",
        "coordinates": [
          [
            -5.9830847,
            37.3795105
          ],
          [
            -5.983012,
            37.3795031
          ],
          [
            -5.9829392,
            37.3795093
          ],
          [
            -5.98287,
            37.3795286
          ]
        ]
      },
      "properties": {
        "name": "Glorieta Doña María de las Mercedes de Borbón y Orleans",
        "id": "22744108",
        "wikipedia_link": "https://es.wikipedia.org/wiki/Mercedes_de_Orleáns",
        "gender": "female",
        "scale": 2,
        "category": "historica",
        "typeofroad": "primary"
      }
    },
    {
      "type": "Feature",
      "geometry": {
        "type": "LineString",
        "coordinates": [
          [
            -5.9958125,
            37.4034871
          ],
          [
            -5.9956471,
            37.4033558
          ]
        ]
      },
      "properties": {
        "name": "Plaza Duquesa Cayetana de Alba",
        "id": "19746878",
        "wikipedia_link": "https://es.wikipedia.org/wiki/Cayetana_Fitz-James_Stuart",
        "gender": "female",
        "scale": 2,
        "category": "historica",
        "typeofroad": "primary"
      }
    },
    {
      "type": "Feature",
      "geometry": {
        "type": "LineString",
        "coordinates": [
          [
            -5.9782806,
            37.3915557
          ],
          [
            -5.9782168,
            37.3913023
          ],
          [
            -5.9780279,
            37.390533
          ],
          [
            -5.9779924,
            37.390414
          ],
          [
            -5.9779636,
            37.3903083
          ],
          [
            -5.9777993,
            37.3896578
          ],
          [
            -5.9777904,
            37.3896227
          ],
          [
            -5.9775808,
            37.3887627
          ],
          [
            -5.9775057,
            37.3884832
          ]
        ]
      },
      "properties": {
        "name": "Calle Santa Juana Jugan",
        "id": "23646768",
        "wikipedia_link": "https://es.wikipedia.org/wiki/Juana_Jugan",
        "gender": "female",
        "scale": 2,
        "category": "santa",
        "typeofroad": "secondary"
      }
    },
    {
      "type": "Feature",
      "geometry": {
        "type": "LineString",
        "coordinates": [
          [
            -5.9860847,
            37.3635235
          ],
          [
            -5.9860908,
            37.3633789
          ],
          [
            -5.986092,
            37.363352
          ],
          [
            -5.9861253,
            37.3625406
          ],
          [
            -5.9861395,
            37.362196
          ]
        ]
      },
      "properties": {
        "name": "Avenida de la Reina Mercedes",
        "id": "27486919",
        "wikipedia_link": "https://es.wikipedia.org/wiki/Mercedes_de_Orleáns",
        "gender": "female",
        "scale": 2,
        "category": "historica",
        "typeofroad": "residential"
      }
    },
    {
      "type": "Feature",
      "geometry": {
        "type": "LineString",
        "coordinates": [
          [
            -5.9802318,
            37.4073607
          ],
          [
            -5.9800839,
            37.4073384
          ],
          [
            -5.9794758,
            37.4073506
          ],
          [
            -5.9791733,
            37.4073546
          ]
        ]
      },
      "properties": {
        "name": "Calle Sor Francisca Dorotea",
        "id": "27879609",
        "wikipedia_link": "",
        "gender": "female",
        "scale": 2,
        "category": "religiosa",
        "typeofroad": "primary"
      }
    },
    {
      "type": "Feature",
      "geometry": {
        "type": "LineString",
        "coordinates": [
          [
            -5.9768593,
            37.4019101
          ],
          [
            -5.9768086,
            37.4019265
          ],
          [
            -5.9767431,
            37.4019254
          ],
          [
            -5.9765463,
            37.401922
          ],
          [
            -5.9763261,
            37.4019167
          ],
          [
            -5.9761242,
            37.4019118
          ],
          [
            -5.9756739,
            37.4019099
          ],
          [
            -5.9755555,
            37.401917
          ]
        ]
      },
      "properties": {
        "name": "Calle Virgen de la Guía",
        "id": "27879804",
        "wikipedia_link": "",
        "gender": "female",
        "scale": 2,
        "category": "religiosa",
        "typeofroad": "residential"
      }
    },
    {
      "type": "Feature",
      "geometry": {
        "type": "LineString",
        "coordinates": [
          [
            -5.9728168,
            37.3629608
          ],
          [
            -5.9729595,
            37.3631535
          ],
          [
            -5.9730117,
            37.363224
          ],
          [
            -5.9731448,
            37.3633964
          ],
          [
            -5.9732424,
            37.363592
          ],
          [
            -5.973311,
            37.3638309
          ],
          [
            -5.9733425,
            37.3640317
          ]
        ]
      },
      "properties": {
        "name": "Ronda Nuestra Señora de la Oliva",
        "id": "27947450",
        "wikipedia_link": "",
        "gender": "female",
        "scale": 2,
        "category": "religiosa",
        "typeofroad": "residential"
      }
    },
    {
      "type": "Feature",
      "geometry": {
        "type": "LineString",
        "coordinates": [
          [
            -5.9983775,
            37.3941281
          ],
          [
            -5.9980863,
            37.3940755
          ],
          [
            -5.9979337,
            37.3939996
          ],
          [
            -5.9976808,
            37.3938755
          ],
          [
            -5.9976445,
            37.3938642
          ],
          [
            -5.9975878,
            37.3938513
          ],
          [
            -5.9975115,
            37.3938382
          ]
        ]
      },
      "properties": {
        "name": "Calle Virgen de los Buenos Libros",
        "id": "27954450",
        "wikipedia_link": "",
        "gender": "female",
        "scale": 2,
        "category": "religiosa",
        "typeofroad": "residential"
      }
    },
    {
      "type": "Feature",
      "geometry": {
        "type": "LineString",
        "coordinates": [
          [
            -5.979194,
            37.3979321
          ],
          [
            -5.9786799,
            37.3982047
          ],
          [
            -5.9781941,
            37.3984622
          ],
          [
            -5.9779112,
            37.3986122
          ],
          [
            -5.9776034,
            37.3987754
          ]
        ]
      },
      "properties": {
        "name": "Calle Mamá Margarita",
        "id": "28023662",
        "wikipedia_link": "",
        "gender": "female",
        "scale": 2,
        "category": "religiosa",
        "typeofroad": "residential"
      }
    },
    {
      "type": "Feature",
      "geometry": {
        "type": "LineString",
        "coordinates": [
          [
            -5.9680405,
            37.3996844
          ],
          [
            -5.9683963,
            37.4000806
          ],
          [
            -5.9687499,
            37.4004866
          ]
        ]
      },
      "properties": {
        "name": "Calle María Moliner",
        "id": "28024701",
        "wikipedia_link": "https://es.wikipedia.org/wiki/María_Moliner",
        "gender": "female",
        "scale": 2,
        "category": "cientifica",
        "typeofroad": "residential"
      }
    },
    {
      "type": "Feature",
      "geometry": {
        "type": "LineString",
        "coordinates": [
          [
            -5.982237,
            37.3970402
          ],
          [
            -5.9823825,
            37.397127
          ],
          [
            -5.9824662,
            37.3972134
          ],
          [
            -5.9828059,
            37.3975896
          ],
          [
            -5.9831064,
            37.3974451
          ],
          [
            -5.9831429,
            37.3974392
          ],
          [
            -5.9831853,
            37.3974377
          ],
          [
            -5.9834052,
            37.3974728
          ],
          [
            -5.9837597,
            37.3975196
          ],
          [
            -5.9838988,
            37.397581
          ]
        ]
      },
      "properties": {
        "name": "Calle Santa Lucía",
        "id": "28025957",
        "wikipedia_link": "",
        "gender": "female",
        "scale": 2,
        "category": "santa",
        "typeofroad": "residential"
      }
    },
    {
      "type": "Feature",
      "geometry": {
        "type": "LineString",
        "coordinates": [
          [
            -5.9871016,
            37.3961668
          ],
          [
            -5.9868349,
            37.3961585
          ],
          [
            -5.9860825,
            37.3962198
          ],
          [
            -5.9858966,
            37.396059
          ],
          [
            -5.9856367,
            37.3958756
          ],
          [
            -5.9853579,
            37.3956943
          ]
        ]
      },
      "properties": {
        "name": "Calle Santa Paula",
        "id": "28026576",
        "wikipedia_link": "",
        "gender": "female",
        "scale": 2,
        "category": "santa",
        "typeofroad": "living_street"
      }
    },
    {
      "type": "Feature",
      "geometry": {
        "type": "LineString",
        "coordinates": [
          [
            -5.9719501,
            37.4025347
          ],
          [
            -5.9713267,
            37.4027683
          ],
          [
            -5.9706993,
            37.4030103
          ]
        ]
      },
      "properties": {
        "name": "Calle Amalia Torrijos",
        "id": "28052281",
        "wikipedia_link": "",
        "gender": "female",
        "scale": 2,
        "category": "politica",
        "typeofroad": "residential"
      }
    },
    {
      "type": "Feature",
      "geometry": {
        "type": "LineString",
        "coordinates": [
          [
            -5.9967765,
            37.3981984
          ],
          [
            -5.9967783,
            37.3981568
          ],
          [
            -5.9967948,
            37.3978263
          ],
          [
            -5.9968118,
            37.3976896
          ],
          [
            -5.9968189,
            37.3976485
          ]
        ]
      },
      "properties": {
        "name": "Calle Santa Clara",
        "id": "22742213",
        "wikipedia_link": "https://es.wikipedia.org/wiki/Santa_Clara",
        "gender": "female",
        "scale": 2,
        "category": "santa",
        "typeofroad": "living_street"
      }
    },
    {
      "type": "Feature",
      "geometry": {
        "type": "LineString",
        "coordinates": [
          [
            -5.9950669,
            37.3963733
          ],
          [
            -5.9949275,
            37.3965834
          ]
        ]
      },
      "properties": {
        "name": "Calle Ana Orantes",
        "id": "28069331",
        "wikipedia_link": "https://es.wikipedia.org/wiki/Ana_Orantes",
        "gender": "female",
        "scale": 2,
        "category": "historica",
        "typeofroad": "living_street"
      }
    },
    {
      "type": "Feature",
      "geometry": {
        "type": "LineString",
        "coordinates": [
          [
            -5.995102,
            37.4016322
          ],
          [
            -5.9944969,
            37.4015324
          ]
        ]
      },
      "properties": {
        "name": "Calle Estrellita Castro",
        "id": "28070769",
        "wikipedia_link": "https://es.wikipedia.org/wiki/Estrellita_Castro",
        "gender": "female",
        "scale": 2,
        "category": "artista",
        "typeofroad": "living_street"
      }
    },
    {
      "type": "Feature",
      "geometry": {
        "type": "LineString",
        "coordinates": [
          [
            -5.9966497,
            37.386205
          ],
          [
            -5.9967067,
            37.3861542
          ],
          [
            -5.9967754,
            37.3860993
          ],
          [
            -5.9970766,
            37.3859034
          ],
          [
            -5.9973007,
            37.3857577
          ],
          [
            -5.9974209,
            37.3856894
          ],
          [
            -5.9975761,
            37.3856016
          ],
          [
            -5.9982252,
            37.3852733
          ],
          [
            -5.9985219,
            37.3851238
          ],
          [
            -5.9985939,
            37.3850885
          ],
          [
            -5.9986975,
            37.3850344
          ]
        ]
      },
      "properties": {
        "name": "Calle Antonia Díaz",
        "id": "28111986",
        "wikipedia_link": "",
        "gender": "female",
        "scale": 2,
        "category": "escritora",
        "typeofroad": "residential"
      }
    },
    {
      "type": "Feature",
      "geometry": {
        "type": "LineString",
        "coordinates": [
          [
            -5.9904703,
            37.3847271
          ],
          [
            -5.9904597,
            37.3846986
          ],
          [
            -5.9903428,
            37.3845217
          ],
          [
            -5.9902579,
            37.3844169
          ],
          [
            -5.9902244,
            37.3844325
          ],
          [
            -5.9901514,
            37.3843915
          ]
        ]
      },
      "properties": {
        "name": "Calle Susona",
        "id": "28112625",
        "wikipedia_link": "https://es.wikipedia.org/wiki/Susona_de_Susón",
        "gender": "female",
        "scale": 2,
        "category": "historica",
        "typeofroad": "pedestrian"
      }
    },
    {
      "type": "Feature",
      "geometry": {
        "type": "LineString",
        "coordinates": [
          [
            -5.9893545,
            37.3814826
          ],
          [
            -5.9892135,
            37.3817289
          ],
          [
            -5.9891234,
            37.3818862
          ],
          [
            -5.9879231,
            37.3839821
          ],
          [
            -5.9878968,
            37.384028
          ],
          [
            -5.9876507,
            37.3844506
          ],
          [
            -5.9876322,
            37.3844856
          ],
          [
            -5.9876146,
            37.3845191
          ],
          [
            -5.9874683,
            37.3847972
          ],
          [
            -5.9873223,
            37.3850304
          ],
          [
            -5.9871913,
            37.3852395
          ],
          [
            -5.9871411,
            37.385334
          ],
          [
            -5.9871034,
            37.3853974
          ]
        ]
      },
      "properties": {
        "name": "Paseo de Catalina de Ribera",
        "id": "28113943",
        "wikipedia_link": "https://es.wikipedia.org/wiki/Catalina_de_Ribera",
        "gender": "female",
        "scale": 2,
        "category": "historica",
        "typeofroad": "pedestrian"
      }
    },
    {
      "type": "Feature",
      "geometry": {
        "type": "LineString",
        "coordinates": [
          [
            -5.9886596,
            37.3876516
          ],
          [
            -5.9888261,
            37.3875851
          ],
          [
            -5.9891461,
            37.387538
          ],
          [
            -5.9895531,
            37.3875777
          ]
        ]
      },
      "properties": {
        "name": "Calle Madre de Dios",
        "id": "28115658",
        "wikipedia_link": "https://es.wikipedia.org/wiki/Madre_de_Dios",
        "gender": "female",
        "scale": 2,
        "category": "religiosa",
        "typeofroad": "living_street"
      }
    },
    {
      "type": "Feature",
      "geometry": {
        "type": "LineString",
        "coordinates": [
          [
            -5.9973712,
            37.3883322
          ],
          [
            -5.9974676,
            37.3881281
          ],
          [
            -5.9975016,
            37.3880869
          ]
        ]
      },
      "properties": {
        "name": "Calle Doña Guiomar",
        "id": "19124204",
        "wikipedia_link": "",
        "gender": "female",
        "scale": 2,
        "category": "historica",
        "typeofroad": "living_street"
      }
    },
    {
      "type": "Feature",
      "geometry": {
        "type": "LineString",
        "coordinates": [
          [
            -5.9894335,
            37.398664
          ],
          [
            -5.9894363,
            37.3986756
          ],
          [
            -5.9894447,
            37.3987046
          ],
          [
            -5.9894699,
            37.3988707
          ],
          [
            -5.9894749,
            37.3993177
          ],
          [
            -5.9894759,
            37.3993525
          ],
          [
            -5.9894686,
            37.3993994
          ],
          [
            -5.9894723,
            37.3994976
          ],
          [
            -5.9894808,
            37.3999066
          ]
        ]
      },
      "properties": {
        "name": "Calle Virgen del Carmen Dolorosa",
        "id": "21766631",
        "wikipedia_link": "",
        "gender": "female",
        "scale": 2,
        "category": "religiosa",
        "typeofroad": "pedestrian"
      }
    },
    {
      "type": "Feature",
      "geometry": {
        "type": "LineString",
        "coordinates": [
          [
            -5.9959461,
            37.4020488
          ],
          [
            -5.9960163,
            37.4018558
          ]
        ]
      },
      "properties": {
        "name": "Calle Santa Clara",
        "id": "22742213",
        "wikipedia_link": "https://es.wikipedia.org/wiki/Santa_Clara",
        "gender": "female",
        "scale": 2,
        "category": "santa",
        "typeofroad": "living_street"
      }
    },
    {
      "type": "Feature",
      "geometry": {
        "type": "LineString",
        "coordinates": [
          [
            -5.9143123,
            37.383836
          ],
          [
            -5.9143108,
            37.3839042
          ],
          [
            -5.9143084,
            37.3840093
          ],
          [
            -5.9143001,
            37.3843703
          ],
          [
            -5.9142831,
            37.3848322
          ]
        ]
      },
      "properties": {
        "name": "Calle Virgen de la Piedad",
        "id": "28158326",
        "wikipedia_link": "https://es.wikipedia.org/wiki/Virgen_de_la_Piedad",
        "gender": "female",
        "scale": 2,
        "category": "religiosa",
        "typeofroad": "tertiary"
      }
    },
    {
      "type": "Feature",
      "geometry": {
        "type": "LineString",
        "coordinates": [
          [
            -5.9110671,
            37.383454
          ],
          [
            -5.9113836,
            37.3827364
          ],
          [
            -5.9117829,
            37.3818207
          ],
          [
            -5.9120126,
            37.3812941
          ]
        ]
      },
      "properties": {
        "name": "Calle Virgen de la Palma",
        "id": "28158348",
        "wikipedia_link": "https://es.wikipedia.org/wiki/Virgen_de_la_Palma",
        "gender": "female",
        "scale": 2,
        "category": "religiosa",
        "typeofroad": "residential"
      }
    },
    {
      "type": "Feature",
      "geometry": {
        "type": "LineString",
        "coordinates": [
          [
            -5.9141334,
            37.3836864
          ],
          [
            -5.9140132,
            37.383958
          ],
          [
            -5.9138831,
            37.3842521
          ],
          [
            -5.9136737,
            37.3847252
          ],
          [
            -5.9135485,
            37.3850082
          ]
        ]
      },
      "properties": {
        "name": "Calle Virgen de las Aguas",
        "id": "28158359",
        "wikipedia_link": "https://es.wikipedia.org/wiki/Virgen_de_las_Angustias_(Felipe_del_Corral)",
        "gender": "female",
        "scale": 2,
        "category": "religiosa",
        "typeofroad": "residential"
      }
    },
    {
      "type": "Feature",
      "geometry": {
        "type": "LineString",
        "coordinates": [
          [
            -5.9973007,
            37.3857577
          ],
          [
            -5.9973234,
            37.3857822
          ],
          [
            -5.9973401,
            37.3858002
          ],
          [
            -5.9976436,
            37.386128
          ],
          [
            -5.9977016,
            37.3863377
          ],
          [
            -5.9977038,
            37.3863454
          ],
          [
            -5.9976856,
            37.3863822
          ],
          [
            -5.9976416,
            37.3864713
          ],
          [
            -5.9976217,
            37.3865112
          ]
        ]
      },
      "properties": {
        "name": "Calle Gracia Fernández Palacios",
        "id": "28253537",
        "wikipedia_link": "",
        "gender": "female",
        "scale": 2,
        "category": "politica",
        "typeofroad": "living_street"
      }
    },
    {
      "type": "Feature",
      "geometry": {
        "type": "LineString",
        "coordinates": [
          [
            -5.9814276,
            37.3973976
          ],
          [
            -5.9814545,
            37.3973054
          ],
          [
            -5.981489,
            37.3972281
          ],
          [
            -5.9815251,
            37.3971646
          ],
          [
            -5.9816054,
            37.3970381
          ],
          [
            -5.9816784,
            37.3969351
          ],
          [
            -5.9816966,
            37.3969094
          ],
          [
            -5.9817156,
            37.3968855
          ],
          [
            -5.9818027,
            37.396776
          ]
        ]
      },
      "properties": {
        "name": "Calle María Auxiliadora",
        "id": "28327507",
        "wikipedia_link": "https://es.wikipedia.org/wiki/María_Auxiliadora",
        "gender": "female",
        "scale": 2,
        "category": "santa",
        "typeofroad": "primary"
      }
    },
    {
      "type": "Feature",
      "geometry": {
        "type": "LineString",
        "coordinates": [
          [
            -5.9784653,
            37.3721553
          ],
          [
            -5.9782697,
            37.3721763
          ],
          [
            -5.9781684,
            37.3721875
          ],
          [
            -5.9779402,
            37.3722154
          ],
          [
            -5.9777158,
            37.3722428
          ],
          [
            -5.9773983,
            37.3722823
          ],
          [
            -5.9770889,
            37.3723196
          ],
          [
            -5.9769089,
            37.3723413
          ]
        ]
      },
      "properties": {
        "name": "Avenida Nuestra Señora de las Mercedes",
        "id": "28327851",
        "wikipedia_link": "https://es.wikipedia.org/wiki/Nuestra_Señora_de_las_Mercedes",
        "gender": "female",
        "scale": 2,
        "category": "religiosa",
        "typeofroad": "tertiary"
      }
    },
    {
      "type": "Feature",
      "geometry": {
        "type": "LineString",
        "coordinates": [
          [
            -5.9803827,
            37.4051741
          ],
          [
            -5.9800472,
            37.4058054
          ]
        ]
      },
      "properties": {
        "name": "Calle Madre San Marcelo",
        "id": "28354357",
        "wikipedia_link": "",
        "gender": "female",
        "scale": 2,
        "category": "religiosa",
        "typeofroad": "residential"
      }
    },
    {
      "type": "Feature",
      "geometry": {
        "type": "LineString",
        "coordinates": [
          [
            -5.9940798,
            37.4054691
          ],
          [
            -5.9937463,
            37.405231
          ],
          [
            -5.9931582,
            37.404811
          ],
          [
            -5.9927073,
            37.404489
          ],
          [
            -5.99263,
            37.4044617
          ],
          [
            -5.9925703,
            37.4044454
          ]
        ]
      },
      "properties": {
        "name": "Calle Procuradora Ascensión García Ortiz",
        "id": "28354446",
        "wikipedia_link": "",
        "gender": "female",
        "scale": 2,
        "category": "politica",
        "typeofroad": "residential"
      }
    },
    {
      "type": "Feature",
      "geometry": {
        "type": "LineString",
        "coordinates": [
          [
            -5.9836499,
            37.3942182
          ],
          [
            -5.9836869,
            37.3941476
          ],
          [
            -5.983726,
            37.394064
          ],
          [
            -5.9837772,
            37.3939143
          ]
        ]
      },
      "properties": {
        "name": "Calle María Auxiliadora",
        "id": "28327507",
        "wikipedia_link": "https://es.wikipedia.org/wiki/María_Auxiliadora",
        "gender": "female",
        "scale": 2,
        "category": "santa",
        "typeofroad": "primary"
      }
    },
    {
      "type": "Feature",
      "geometry": {
        "type": "LineString",
        "coordinates": [
          [
            -5.9782139,
            37.350169
          ],
          [
            -5.9798739,
            37.3499177
          ]
        ]
      },
      "properties": {
        "name": "Calle Virgen del Carmen",
        "id": "28372140",
        "wikipedia_link": "",
        "gender": "female",
        "scale": 2,
        "category": "religiosa",
        "typeofroad": "residential"
      }
    },
    {
      "type": "Feature",
      "geometry": {
        "type": "LineString",
        "coordinates": [
          [
            -6.0036062,
            37.3717135
          ],
          [
            -6.0036544,
            37.3718613
          ],
          [
            -6.003663,
            37.3720505
          ]
        ]
      },
      "properties": {
        "name": "Calle Virgen de la Oliva",
        "id": "28603713",
        "wikipedia_link": "",
        "gender": "female",
        "scale": 2,
        "category": "religiosa",
        "typeofroad": "primary"
      }
    },
    {
      "type": "Feature",
      "geometry": {
        "type": "LineString",
        "coordinates": [
          [
            -6.0103236,
            37.3894506
          ],
          [
            -6.0102216,
            37.3897005
          ]
        ]
      },
      "properties": {
        "name": "Calle Virgen del Patrocinio",
        "id": "28604304",
        "wikipedia_link": "",
        "gender": "female",
        "scale": 2,
        "category": "religiosa",
        "typeofroad": "primary"
      }
    },
    {
      "type": "Feature",
      "geometry": {
        "type": "LineString",
        "coordinates": [
          [
            -6.0104097,
            37.3898526
          ],
          [
            -6.0103586,
            37.3896953
          ],
          [
            -6.0103236,
            37.3894506
          ]
        ]
      },
      "properties": {
        "name": "Calle Virgen del Patrocinio",
        "id": "28604304",
        "wikipedia_link": "",
        "gender": "female",
        "scale": 2,
        "category": "religiosa",
        "typeofroad": "primary"
      }
    },
    {
      "type": "Feature",
      "geometry": {
        "type": "LineString",
        "coordinates": [
          [
            -5.9983739,
            37.3787989
          ],
          [
            -5.9983278,
            37.3787937
          ],
          [
            -5.9977936,
            37.3788183
          ]
        ]
      },
      "properties": {
        "name": "Calle Virgen de Consolación",
        "id": "29472018",
        "wikipedia_link": "",
        "gender": "female",
        "scale": 2,
        "category": "religiosa",
        "typeofroad": "residential"
      }
    },
    {
      "type": "Feature",
      "geometry": {
        "type": "LineString",
        "coordinates": [
          [
            -5.9974625,
            37.3753513
          ],
          [
            -5.996775,
            37.3753714
          ],
          [
            -5.9960649,
            37.3753784
          ]
        ]
      },
      "properties": {
        "name": "Calle Virgen de Fuensanta",
        "id": "29472045",
        "wikipedia_link": "",
        "gender": "female",
        "scale": 2,
        "category": "religiosa",
        "typeofroad": "pedestrian"
      }
    },
    {
      "type": "Feature",
      "geometry": {
        "type": "LineString",
        "coordinates": [
          [
            -5.9981507,
            37.3736053
          ],
          [
            -5.9981712,
            37.3740069
          ],
          [
            -5.998206,
            37.3746881
          ]
        ]
      },
      "properties": {
        "name": "Calle Virgen del Valle",
        "id": "29472059",
        "wikipedia_link": "",
        "gender": "female",
        "scale": 2,
        "category": "religiosa",
        "typeofroad": "residential"
      }
    },
    {
      "type": "Feature",
      "geometry": {
        "type": "LineString",
        "coordinates": [
          [
            -5.9977393,
            37.3776061
          ],
          [
            -5.9982544,
            37.3775896
          ],
          [
            -5.9983233,
            37.3775895
          ],
          [
            -5.9983768,
            37.3775862
          ],
          [
            -5.998676,
            37.3775795
          ],
          [
            -5.9988075,
            37.3775608
          ],
          [
            -5.9992343,
            37.3773317
          ],
          [
            -5.9992799,
            37.3773051
          ]
        ]
      },
      "properties": {
        "name": "Calle Virgen de Regla",
        "id": "29472061",
        "wikipedia_link": "",
        "gender": "female",
        "scale": 2,
        "category": "religiosa",
        "typeofroad": "residential"
      }
    },
    {
      "type": "Feature",
      "geometry": {
        "type": "LineString",
        "coordinates": [
          [
            -5.9988121,
            37.3767213
          ],
          [
            -5.9987565,
            37.376738
          ],
          [
            -5.9982858,
            37.3767507
          ],
          [
            -5.9977023,
            37.3767656
          ]
        ]
      },
      "properties": {
        "name": "Calle Virgen de la Victoria",
        "id": "29472065",
        "wikipedia_link": "",
        "gender": "female",
        "scale": 2,
        "category": "religiosa",
        "typeofroad": "residential"
      }
    },
    {
      "type": "Feature",
      "geometry": {
        "type": "LineString",
        "coordinates": [
          [
            -5.9988075,
            37.3775608
          ],
          [
            -5.9994135,
            37.3783139
          ],
          [
            -5.9998398,
            37.3788436
          ],
          [
            -5.9998545,
            37.3788619
          ],
          [
            -5.9999246,
            37.3789461
          ]
        ]
      },
      "properties": {
        "name": "Calle Virgen de Setefilla",
        "id": "29472070",
        "wikipedia_link": "",
        "gender": "female",
        "scale": 2,
        "category": "religiosa",
        "typeofroad": "residential"
      }
    },
    {
      "type": "Feature",
      "geometry": {
        "type": "LineString",
        "coordinates": [
          [
            -5.9998947,
            37.378067
          ],
          [
            -5.9992799,
            37.3773051
          ],
          [
            -5.9988368,
            37.3767447
          ],
          [
            -5.9988121,
            37.3767213
          ]
        ]
      },
      "properties": {
        "name": "Calle Virgen de Begoña",
        "id": "29472073",
        "wikipedia_link": "",
        "gender": "female",
        "scale": 2,
        "category": "religiosa",
        "typeofroad": "residential"
      }
    },
    {
      "type": "Feature",
      "geometry": {
        "type": "LineString",
        "coordinates": [
          [
            -6.0017179,
            37.3745936
          ],
          [
            -6.0018132,
            37.3746561
          ],
          [
            -6.001864,
            37.37472
          ],
          [
            -6.0020742,
            37.3749845
          ],
          [
            -6.002106,
            37.3750245
          ],
          [
            -6.0021421,
            37.3750698
          ],
          [
            -6.0023913,
            37.3753823
          ],
          [
            -6.0025462,
            37.3755765
          ],
          [
            -6.0027078,
            37.3757792
          ],
          [
            -6.0028611,
            37.3759714
          ],
          [
            -6.0030205,
            37.3761713
          ],
          [
            -6.0031862,
            37.3763792
          ],
          [
            -6.0033165,
            37.3765426
          ],
          [
            -6.0035936,
            37.37689
          ],
          [
            -6.0036002,
            37.3768983
          ],
          [
            -6.0036809,
            37.3770029
          ]
        ]
      },
      "properties": {
        "name": "Calle Virgen de África",
        "id": "29472104",
        "wikipedia_link": "",
        "gender": "female",
        "scale": 2,
        "category": "religiosa",
        "typeofroad": "residential"
      }
    },
    {
      "type": "Feature",
      "geometry": {
        "type": "LineString",
        "coordinates": [
          [
            -6.0002985,
            37.3759435
          ],
          [
            -6.0007968,
            37.3756932
          ],
          [
            -6.0008529,
            37.3756644
          ],
          [
            -6.0012298,
            37.3754709
          ],
          [
            -6.0012885,
            37.3754408
          ],
          [
            -6.0013624,
            37.3754032
          ],
          [
            -6.0018752,
            37.3751421
          ],
          [
            -6.002106,
            37.3750245
          ],
          [
            -6.0021498,
            37.3750016
          ],
          [
            -6.0026953,
            37.3747159
          ]
        ]
      },
      "properties": {
        "name": "Calle Virgen de la Victoria",
        "id": "29472065",
        "wikipedia_link": "",
        "gender": "female",
        "scale": 2,
        "category": "religiosa",
        "typeofroad": "residential"
      }
    },
    {
      "type": "Feature",
      "geometry": {
        "type": "LineString",
        "coordinates": [
          [
            -6.0009833,
            37.3750733
          ],
          [
            -5.9999792,
            37.375103
          ],
          [
            -5.9988571,
            37.3751361
          ]
        ]
      },
      "properties": {
        "name": "Calle Madre Rafols",
        "id": "29472132",
        "wikipedia_link": "https://es.wikipedia.org/wiki/María_Rafols",
        "gender": "female",
        "scale": 2,
        "category": "religiosa",
        "typeofroad": "residential"
      }
    },
    {
      "type": "Feature",
      "geometry": {
        "type": "LineString",
        "coordinates": [
          [
            -5.9960087,
            37.375761
          ],
          [
            -5.9967715,
            37.3757352
          ],
          [
            -5.9968744,
            37.3757325
          ],
          [
            -5.99748,
            37.3757163
          ]
        ]
      },
      "properties": {
        "name": "Calle Virgen de Loreto",
        "id": "29472138",
        "wikipedia_link": "",
        "gender": "female",
        "scale": 2,
        "category": "religiosa",
        "typeofroad": "residential"
      }
    },
    {
      "type": "Feature",
      "geometry": {
        "type": "LineString",
        "coordinates": [
          [
            -6.0048915,
            37.3763968
          ],
          [
            -6.0048121,
            37.376298
          ],
          [
            -6.0047978,
            37.3762804
          ],
          [
            -6.0047688,
            37.3762446
          ],
          [
            -6.0045113,
            37.3759269
          ],
          [
            -6.0043809,
            37.375766
          ]
        ]
      },
      "properties": {
        "name": "Calle Virgen de Aguas Santas",
        "id": "29472143",
        "wikipedia_link": "",
        "gender": "female",
        "scale": 2,
        "category": "religiosa",
        "typeofroad": "residential"
      }
    },
    {
      "type": "Feature",
      "geometry": {
        "type": "LineString",
        "coordinates": [
          [
            -6.003789,
            37.3760698
          ],
          [
            -6.0036209,
            37.3758619
          ],
          [
            -6.0034618,
            37.3756645
          ],
          [
            -6.0033053,
            37.3754708
          ],
          [
            -6.0031429,
            37.37527
          ],
          [
            -6.0029836,
            37.3750727
          ],
          [
            -6.0026953,
            37.3747159
          ],
          [
            -6.0026083,
            37.3745755
          ]
        ]
      },
      "properties": {
        "name": "Virgen de las Montañas",
        "id": "29472150",
        "wikipedia_link": "",
        "gender": "female",
        "scale": 2,
        "category": "religiosa",
        "typeofroad": "residential"
      }
    },
    {
      "type": "Feature",
      "geometry": {
        "type": "LineString",
        "coordinates": [
          [
            -6.0024673,
            37.3745758
          ],
          [
            -6.0024098,
            37.3734839
          ]
        ]
      },
      "properties": {
        "name": "Calle Virgen de las Montañas",
        "id": "29472169",
        "wikipedia_link": "",
        "gender": "female",
        "scale": 2,
        "category": "religiosa",
        "typeofroad": "residential"
      }
    },
    {
      "type": "Feature",
      "geometry": {
        "type": "LineString",
        "coordinates": [
          [
            -6.0015746,
            37.3713255
          ],
          [
            -6.0015791,
            37.3714283
          ],
          [
            -6.0015751,
            37.3715232
          ],
          [
            -6.0015776,
            37.3715553
          ],
          [
            -6.0016052,
            37.372024
          ],
          [
            -6.00161,
            37.3720769
          ],
          [
            -6.0016172,
            37.3722794
          ],
          [
            -6.001618,
            37.3723007
          ],
          [
            -6.0016209,
            37.3723816
          ],
          [
            -6.0016456,
            37.3729441
          ],
          [
            -6.0016702,
            37.373505
          ],
          [
            -6.0016831,
            37.3737988
          ],
          [
            -6.0017013,
            37.3742145
          ],
          [
            -6.0017126,
            37.3744735
          ],
          [
            -6.0017179,
            37.3745936
          ]
        ]
      },
      "properties": {
        "name": "Calle Virgen del Águila",
        "id": "29472181",
        "wikipedia_link": "",
        "gender": "female",
        "scale": 2,
        "category": "religiosa",
        "typeofroad": "residential"
      }
    },
    {
      "type": "Feature",
      "geometry": {
        "type": "LineString",
        "coordinates": [
          [
            -5.9995332,
            37.3740604
          ],
          [
            -5.9999331,
            37.3740689
          ],
          [
            -6.0009124,
            37.3740561
          ]
        ]
      },
      "properties": {
        "name": "Calle Virgen de la Estrella",
        "id": "29472190",
        "wikipedia_link": "",
        "gender": "female",
        "scale": 2,
        "category": "religiosa",
        "typeofroad": "residential"
      }
    },
    {
      "type": "Feature",
      "geometry": {
        "type": "LineString",
        "coordinates": [
          [
            -6.0034875,
            37.3728919
          ],
          [
            -6.00334,
            37.3728961
          ],
          [
            -6.0016456,
            37.3729441
          ],
          [
            -5.9999345,
            37.3729939
          ],
          [
            -5.9998852,
            37.3729953
          ],
          [
            -5.9997483,
            37.3729993
          ],
          [
            -5.9987606,
            37.3730281
          ],
          [
            -5.9974546,
            37.3730661
          ]
        ]
      },
      "properties": {
        "name": "Calle Virgen de la Antigua",
        "id": "29472194",
        "wikipedia_link": "",
        "gender": "female",
        "scale": 2,
        "category": "religiosa",
        "typeofroad": "residential"
      }
    },
    {
      "type": "Feature",
      "geometry": {
        "type": "LineString",
        "coordinates": [
          [
            -6.0035814,
            37.3723193
          ],
          [
            -6.0034569,
            37.3723233
          ],
          [
            -6.0031383,
            37.3723327
          ],
          [
            -6.0016776,
            37.3723798
          ],
          [
            -6.0016209,
            37.3723816
          ],
          [
            -6.0015354,
            37.3723841
          ],
          [
            -5.999923,
            37.3724312
          ],
          [
            -5.9998603,
            37.372433
          ],
          [
            -5.9997671,
            37.3724357
          ],
          [
            -5.9987349,
            37.3724659
          ],
          [
            -5.9975279,
            37.3724886
          ],
          [
            -5.9974243,
            37.3725042
          ],
          [
            -5.9973266,
            37.3725161
          ],
          [
            -5.9967519,
            37.3725346
          ],
          [
            -5.9966877,
            37.3725337
          ],
          [
            -5.9966119,
            37.3725306
          ],
          [
            -5.9961474,
            37.3725441
          ],
          [
            -5.9960684,
            37.3725437
          ],
          [
            -5.9959832,
            37.3725462
          ],
          [
            -5.9952719,
            37.3725671
          ],
          [
            -5.994968,
            37.3723837
          ],
          [
            -5.9949381,
            37.3723648
          ],
          [
            -5.9948578,
            37.3723068
          ]
        ]
      },
      "properties": {
        "name": "Calle Virgen de la Cinta",
        "id": "29472196",
        "wikipedia_link": "",
        "gender": "female",
        "scale": 2,
        "category": "religiosa",
        "typeofroad": "residential"
      }
    },
    {
      "type": "Feature",
      "geometry": {
        "type": "LineString",
        "coordinates": [
          [
            -5.9961405,
            37.3741008
          ],
          [
            -5.9953398,
            37.3741139
          ]
        ]
      },
      "properties": {
        "name": "Calle Virgen de Robledo",
        "id": "29472218",
        "wikipedia_link": "",
        "gender": "female",
        "scale": 2,
        "category": "religiosa",
        "typeofroad": "residential"
      }
    },
    {
      "type": "Feature",
      "geometry": {
        "type": "LineString",
        "coordinates": [
          [
            -5.995377,
            37.3747555
          ],
          [
            -5.9953398,
            37.3741139
          ]
        ]
      },
      "properties": {
        "name": "Calle Virgen de Monserrat",
        "id": "29472219",
        "wikipedia_link": "",
        "gender": "female",
        "scale": 2,
        "category": "religiosa",
        "typeofroad": "residential"
      }
    },
    {
      "type": "Feature",
      "geometry": {
        "type": "LineString",
        "coordinates": [
          [
            -5.9960967,
            37.3731116
          ],
          [
            -5.996015,
            37.3731132
          ],
          [
            -5.9953473,
            37.373126
          ],
          [
            -5.9952965,
            37.373127
          ],
          [
            -5.9945256,
            37.3731537
          ],
          [
            -5.9944784,
            37.3731556
          ],
          [
            -5.9943787,
            37.3731608
          ]
        ]
      },
      "properties": {
        "name": "Calle Virgen de Guaditoca",
        "id": "29472223",
        "wikipedia_link": "",
        "gender": "female",
        "scale": 2,
        "category": "religiosa",
        "typeofroad": "residential"
      }
    },
    {
      "type": "Feature",
      "geometry": {
        "type": "LineString",
        "coordinates": [
          [
            -6.0074332,
            37.3821719
          ],
          [
            -6.00729,
            37.3820456
          ],
          [
            -6.0069432,
            37.3817281
          ],
          [
            -6.0068467,
            37.3816449
          ],
          [
            -6.0065697,
            37.3813833
          ],
          [
            -6.006161,
            37.3809877
          ],
          [
            -6.0057931,
            37.3806453
          ],
          [
            -6.0057257,
            37.3805825
          ]
        ]
      },
      "properties": {
        "name": "Calle Esperanza de Triana",
        "id": "29487361",
        "wikipedia_link": "",
        "gender": "female",
        "scale": 2,
        "category": "religiosa",
        "typeofroad": "residential"
      }
    },
    {
      "type": "Feature",
      "geometry": {
        "type": "LineString",
        "coordinates": [
          [
            -6.0036809,
            37.3770029
          ],
          [
            -6.0037424,
            37.3770741
          ],
          [
            -6.0037602,
            37.3770957
          ],
          [
            -6.0039176,
            37.3772877
          ],
          [
            -6.0040526,
            37.3774524
          ],
          [
            -6.0043736,
            37.3778438
          ],
          [
            -6.0046398,
            37.3781851
          ],
          [
            -6.0046808,
            37.3782434
          ],
          [
            -6.0048525,
            37.378454
          ],
          [
            -6.0049155,
            37.3785214
          ],
          [
            -6.0050342,
            37.3786641
          ],
          [
            -6.0052558,
            37.3789196
          ]
        ]
      },
      "properties": {
        "name": "Calle Virgen de Fátima",
        "id": "29487419",
        "wikipedia_link": "",
        "gender": "female",
        "scale": 2,
        "category": "religiosa",
        "typeofroad": "residential"
      }
    },
    {
      "type": "Feature",
      "geometry": {
        "type": "LineString",
        "coordinates": [
          [
            -6.0046808,
            37.3782434
          ],
          [
            -6.004627,
            37.3782726
          ],
          [
            -6.0043878,
            37.3784077
          ],
          [
            -6.0040576,
            37.3786081
          ],
          [
            -6.0034135,
            37.3789989
          ]
        ]
      },
      "properties": {
        "name": "Calle Virgen del Buen Aire",
        "id": "29487537",
        "wikipedia_link": "",
        "gender": "female",
        "scale": 2,
        "category": "religiosa",
        "typeofroad": "unclassified"
      }
    },
    {
      "type": "Feature",
      "geometry": {
        "type": "LineString",
        "coordinates": [
          [
            -6.0038289,
            37.3779499
          ],
          [
            -6.0038626,
            37.3779593
          ],
          [
            -6.0043356,
            37.3783632
          ],
          [
            -6.0043878,
            37.3784077
          ]
        ]
      },
      "properties": {
        "name": "Virgen del Sagrado Corazón",
        "id": "29487571",
        "wikipedia_link": "",
        "gender": "female",
        "scale": 2,
        "category": "religiosa",
        "typeofroad": "unclassified"
      }
    },
    {
      "type": "Feature",
      "geometry": {
        "type": "LineString",
        "coordinates": [
          [
            -6.0052013,
            37.3821277
          ],
          [
            -6.0055578,
            37.3818997
          ],
          [
            -6.0056144,
            37.3818438
          ],
          [
            -6.0057046,
            37.3817705
          ],
          [
            -6.0059211,
            37.3816418
          ]
        ]
      },
      "properties": {
        "name": "Calle Lucía de Jesús",
        "id": "29487609",
        "wikipedia_link": "",
        "gender": "female",
        "scale": 2,
        "category": "religiosa",
        "typeofroad": "unclassified"
      }
    },
    {
      "type": "Feature",
      "geometry": {
        "type": "LineString",
        "coordinates": [
          [
            -6.0007175,
            37.3796986
          ],
          [
            -6.0002794,
            37.3793982
          ],
          [
            -6.000165,
            37.3792534
          ],
          [
            -6.0001369,
            37.3792178
          ],
          [
            -5.9999869,
            37.3790279
          ],
          [
            -5.9999729,
            37.3790087
          ],
          [
            -5.9999246,
            37.3789461
          ]
        ]
      },
      "properties": {
        "name": "Calle Virgen de las Huertas",
        "id": "29487689",
        "wikipedia_link": "",
        "gender": "female",
        "scale": 2,
        "category": "religiosa",
        "typeofroad": "unclassified"
      }
    },
    {
      "type": "Feature",
      "geometry": {
        "type": "LineString",
        "coordinates": [
          [
            -6.0033871,
            37.3800375
          ],
          [
            -6.0032332,
            37.3798908
          ],
          [
            -6.0030838,
            37.3797478
          ],
          [
            -6.0028951,
            37.3795647
          ],
          [
            -6.0023901,
            37.3790852
          ]
        ]
      },
      "properties": {
        "name": "Calle Concha Espina",
        "id": "29487710",
        "wikipedia_link": "https://en.wikipedia.org/wiki/Concha_Espina",
        "gender": "female",
        "scale": 2,
        "category": "escritora",
        "typeofroad": "unclassified"
      }
    },
    {
      "type": "Feature",
      "geometry": {
        "type": "LineString",
        "coordinates": [
          [
            -6.0047093,
            37.3801306
          ],
          [
            -6.0046618,
            37.3802161
          ],
          [
            -6.0046051,
            37.3802668
          ],
          [
            -6.0043671,
            37.3804338
          ],
          [
            -6.0042271,
            37.3805237
          ],
          [
            -6.0040298,
            37.3806628
          ],
          [
            -6.0040148,
            37.3806682
          ],
          [
            -6.0040066,
            37.3806699
          ],
          [
            -6.0039986,
            37.3806705
          ],
          [
            -6.0039897,
            37.3806695
          ],
          [
            -6.0039804,
            37.380666
          ],
          [
            -6.0039658,
            37.3806564
          ],
          [
            -6.0037217,
            37.3804265
          ],
          [
            -6.0037209,
            37.3804072
          ],
          [
            -6.0037309,
            37.3803829
          ],
          [
            -6.0037897,
            37.3803376
          ],
          [
            -6.004195,
            37.380054
          ],
          [
            -6.004249,
            37.3799797
          ]
        ]
      },
      "properties": {
        "name": "Calle Esperanza de Triana",
        "id": "29487361",
        "wikipedia_link": "",
        "gender": "female",
        "scale": 2,
        "category": "religiosa",
        "typeofroad": "residential"
      }
    },
    {
      "type": "Feature",
      "geometry": {
        "type": "LineString",
        "coordinates": [
          [
            -6.0026188,
            37.3804454
          ],
          [
            -6.0017197,
            37.3796218
          ]
        ]
      },
      "properties": {
        "name": "Calle Gabriela Sánchez Aranda",
        "id": "29487742",
        "wikipedia_link": "",
        "gender": "female",
        "scale": 2,
        "category": "historica",
        "typeofroad": "residential"
      }
    },
    {
      "type": "Feature",
      "geometry": {
        "type": "LineString",
        "coordinates": [
          [
            -6.0025923,
            37.3808947
          ],
          [
            -6.0019148,
            37.3815828
          ]
        ]
      },
      "properties": {
        "name": "Calle Pilar de Gracia",
        "id": "29487828",
        "wikipedia_link": "",
        "gender": "female",
        "scale": 2,
        "category": "religiosa",
        "typeofroad": "unclassified"
      }
    },
    {
      "type": "Feature",
      "geometry": {
        "type": "LineString",
        "coordinates": [
          [
            -6.0096789,
            37.3828843
          ],
          [
            -6.0091885,
            37.3831372
          ]
        ]
      },
      "properties": {
        "name": "Calle Sor Milagros",
        "id": "29550415",
        "wikipedia_link": "",
        "gender": "female",
        "scale": 2,
        "category": "religiosa",
        "typeofroad": "residential"
      }
    },
    {
      "type": "Feature",
      "geometry": {
        "type": "LineString",
        "coordinates": [
          [
            -5.9689589,
            37.3694335
          ],
          [
            -5.9689645,
            37.3695156
          ],
          [
            -5.9690045,
            37.3695914
          ],
          [
            -5.9690742,
            37.3696521
          ],
          [
            -5.9691655,
            37.3696908
          ],
          [
            -5.9692679,
            37.3697028
          ]
        ]
      },
      "properties": {
        "name": "Glorieta Mar Cambrollé",
        "id": "30181992",
        "wikipedia_link": "https://es.wikipedia.org/wiki/Mar_Cambrollé",
        "gender": "female",
        "scale": 2,
        "category": "politica",
        "typeofroad": "primary"
      }
    },
    {
      "type": "Feature",
      "geometry": {
        "type": "LineString",
        "coordinates": [
          [
            -5.9752051,
            37.374368
          ],
          [
            -5.9751426,
            37.374415
          ],
          [
            -5.9744037,
            37.3749961
          ],
          [
            -5.9741327,
            37.3751922
          ],
          [
            -5.9739475,
            37.3753339
          ],
          [
            -5.973707,
            37.375512
          ],
          [
            -5.9736122,
            37.3756042
          ],
          [
            -5.9733951,
            37.3758683
          ],
          [
            -5.9733335,
            37.3759764
          ],
          [
            -5.9731954,
            37.3762715
          ],
          [
            -5.9731017,
            37.3764804
          ],
          [
            -5.9730422,
            37.376581
          ]
        ]
      },
      "properties": {
        "name": "Calle Virgen del Sol",
        "id": "30183813",
        "wikipedia_link": "",
        "gender": "female",
        "scale": 2,
        "category": "religiosa",
        "typeofroad": "tertiary"
      }
    },
    {
      "type": "Feature",
      "geometry": {
        "type": "LineString",
        "coordinates": [
          [
            -5.9713033,
            37.3795204
          ],
          [
            -5.9712347,
            37.3794443
          ],
          [
            -5.971013,
            37.3791985
          ],
          [
            -5.9705799,
            37.3787182
          ],
          [
            -5.970221,
            37.3783202
          ],
          [
            -5.9701576,
            37.3782499
          ],
          [
            -5.9701185,
            37.3782052
          ],
          [
            -5.9698489,
            37.3779042
          ],
          [
            -5.9695592,
            37.3775807
          ],
          [
            -5.9694726,
            37.3774839
          ]
        ]
      },
      "properties": {
        "name": "Calle Santa María Mazzarello",
        "id": "30184560",
        "wikipedia_link": "https://es.wikipedia.org/wiki/María_Mazzarello",
        "gender": "female",
        "scale": 2,
        "category": "santa",
        "typeofroad": "residential"
      }
    },
    {
      "type": "Feature",
      "geometry": {
        "type": "LineString",
        "coordinates": [
          [
            -5.9723736,
            37.380181
          ],
          [
            -5.9721419,
            37.3802586
          ],
          [
            -5.9719902,
            37.3802596
          ],
          [
            -5.9718325,
            37.380238
          ],
          [
            -5.9717505,
            37.3801981
          ]
        ]
      },
      "properties": {
        "name": "Calle Santa Joaquina de Vedruna",
        "id": "30184602",
        "wikipedia_link": "https://es.wikipedia.org/wiki/Joaquina_de_Vedruna",
        "gender": "female",
        "scale": 2,
        "category": "santa",
        "typeofroad": "residential"
      }
    },
    {
      "type": "Feature",
      "geometry": {
        "type": "LineString",
        "coordinates": [
          [
            -5.9716943,
            37.3806562
          ],
          [
            -5.9718387,
            37.3805318
          ],
          [
            -5.9722171,
            37.3802837
          ],
          [
            -5.9723736,
            37.380181
          ]
        ]
      },
      "properties": {
        "name": "Calle Santa Joaquina de Vedruna",
        "id": "30184602",
        "wikipedia_link": "https://es.wikipedia.org/wiki/Joaquina_de_Vedruna",
        "gender": "female",
        "scale": 2,
        "category": "santa",
        "typeofroad": "residential"
      }
    },
    {
      "type": "Feature",
      "geometry": {
        "type": "LineString",
        "coordinates": [
          [
            -5.9648562,
            37.377182
          ],
          [
            -5.9648098,
            37.3775226
          ],
          [
            -5.9647618,
            37.3779114
          ],
          [
            -5.9647163,
            37.3782843
          ],
          [
            -5.9646844,
            37.3785077
          ]
        ]
      },
      "properties": {
        "name": "Calle Doña María de Molina",
        "id": "30186791",
        "wikipedia_link": "https://es.wikipedia.org/wiki/María_de_Molina",
        "gender": "female",
        "scale": 2,
        "category": "historica",
        "typeofroad": "residential"
      }
    },
    {
      "type": "Feature",
      "geometry": {
        "type": "LineString",
        "coordinates": [
          [
            -5.9856457,
            37.3902241
          ],
          [
            -5.9857356,
            37.3901394
          ],
          [
            -5.9853961,
            37.3899342
          ],
          [
            -5.9855884,
            37.3896701
          ]
        ]
      },
      "properties": {
        "name": "Calle Virgen de la Luz",
        "id": "31284462",
        "wikipedia_link": "https://es.wikipedia.org/wiki/Virgen_de_la_Luz_(Tarifa)",
        "gender": "female",
        "scale": 2,
        "category": "religiosa",
        "typeofroad": "pedestrian"
      }
    },
    {
      "type": "Feature",
      "geometry": {
        "type": "LineString",
        "coordinates": [
          [
            -6.0078283,
            37.3860003
          ],
          [
            -6.0078096,
            37.3860766
          ],
          [
            -6.0078129,
            37.3867475
          ],
          [
            -6.0078072,
            37.3868375
          ],
          [
            -6.0078023,
            37.3869098
          ],
          [
            -6.0077968,
            37.3871913
          ],
          [
            -6.0077847,
            37.387377
          ],
          [
            -6.0077868,
            37.387405
          ],
          [
            -6.0078146,
            37.3877694
          ],
          [
            -6.0078182,
            37.3878081
          ],
          [
            -6.0078428,
            37.3879832
          ]
        ]
      },
      "properties": {
        "name": "Calle Clara de Jesús Montero",
        "id": "31286612",
        "wikipedia_link": "",
        "gender": "female",
        "scale": 2,
        "category": "religiosa",
        "typeofroad": "secondary"
      }
    },
    {
      "type": "Feature",
      "geometry": {
        "type": "LineString",
        "coordinates": [
          [
            -6.0025497,
            37.3734799
          ],
          [
            -6.003243,
            37.3743454
          ]
        ]
      },
      "properties": {
        "name": "Calle Virgen de Aguas Santas",
        "id": "29472143",
        "wikipedia_link": "",
        "gender": "female",
        "scale": 2,
        "category": "religiosa",
        "typeofroad": "residential"
      }
    },
    {
      "type": "Feature",
      "geometry": {
        "type": "LineString",
        "coordinates": [
          [
            -6.0042758,
            37.3744154
          ],
          [
            -6.0041527,
            37.3744765
          ],
          [
            -6.003577,
            37.3747624
          ]
        ]
      },
      "properties": {
        "name": "Calle Virgen del Refugio",
        "id": "31292090",
        "wikipedia_link": "",
        "gender": "female",
        "scale": 2,
        "category": "religiosa",
        "typeofroad": "residential"
      }
    },
    {
      "type": "Feature",
      "geometry": {
        "type": "LineString",
        "coordinates": [
          [
            -6.003577,
            37.3747624
          ],
          [
            -6.0029836,
            37.3750727
          ],
          [
            -6.0023913,
            37.3753823
          ]
        ]
      },
      "properties": {
        "name": "Calle Virgen del Refugio",
        "id": "31292090",
        "wikipedia_link": "",
        "gender": "female",
        "scale": 2,
        "category": "religiosa",
        "typeofroad": "residential"
      }
    },
    {
      "type": "Feature",
      "geometry": {
        "type": "LineString",
        "coordinates": [
          [
            -6.0040562,
            37.3753607
          ],
          [
            -6.0034618,
            37.3756645
          ],
          [
            -6.0028611,
            37.3759714
          ]
        ]
      },
      "properties": {
        "name": "Calle Virgen de Todos Los Santos",
        "id": "31292134",
        "wikipedia_link": "",
        "gender": "female",
        "scale": 2,
        "category": "religiosa",
        "typeofroad": "pedestrian"
      }
    },
    {
      "type": "Feature",
      "geometry": {
        "type": "LineString",
        "coordinates": [
          [
            -6.0045113,
            37.3759269
          ],
          [
            -6.0033165,
            37.3765426
          ],
          [
            -6.0020238,
            37.3772085
          ],
          [
            -6.0005297,
            37.3779788
          ]
        ]
      },
      "properties": {
        "name": "Calle Virgen del Monte",
        "id": "31292207",
        "wikipedia_link": "https://es.wikipedia.org/wiki/Virgen_del_Monte_(Bolaños_de_Calatrava)",
        "gender": "female",
        "scale": 2,
        "category": "religiosa",
        "typeofroad": "residential"
      }
    },
    {
      "type": "Feature",
      "geometry": {
        "type": "LineString",
        "coordinates": [
          [
            -5.9990173,
            37.3760818
          ],
          [
            -5.9986453,
            37.3762745
          ]
        ]
      },
      "properties": {
        "name": "Calle Enriqueta Delicado",
        "id": "31292444",
        "wikipedia_link": "",
        "gender": "female",
        "scale": 2,
        "category": "historica",
        "typeofroad": "service"
      }
    },
    {
      "type": "Feature",
      "geometry": {
        "type": "LineString",
        "coordinates": [
          [
            -6.0050342,
            37.3786641
          ],
          [
            -6.0044988,
            37.3789816
          ]
        ]
      },
      "properties": {
        "name": "Calle Virgen del Pino",
        "id": "31318568",
        "wikipedia_link": "https://es.wikipedia.org/wiki/Virgen_del_Pino",
        "gender": "female",
        "scale": 2,
        "category": "religiosa",
        "typeofroad": "residential"
      }
    },
    {
      "type": "Feature",
      "geometry": {
        "type": "LineString",
        "coordinates": [
          [
            -6.0035826,
            37.379214
          ],
          [
            -6.0038579,
            37.3790492
          ],
          [
            -6.0040838,
            37.3789141
          ],
          [
            -6.0043097,
            37.3787789
          ],
          [
            -6.0048525,
            37.378454
          ]
        ]
      },
      "properties": {
        "name": "Calle Virgen del Perpetuo Socorro",
        "id": "31318622",
        "wikipedia_link": "https://es.wikipedia.org/wiki/Virgen_del_Perpetuo_Socorro",
        "gender": "female",
        "scale": 2,
        "category": "religiosa",
        "typeofroad": "residential"
      }
    },
    {
      "type": "Feature",
      "geometry": {
        "type": "LineString",
        "coordinates": [
          [
            -6.00304,
            37.3784979
          ],
          [
            -6.0037692,
            37.3779732
          ],
          [
            -6.0038289,
            37.3779499
          ]
        ]
      },
      "properties": {
        "name": "Calle Nuestra Señora de los Ángeles",
        "id": "31318655",
        "wikipedia_link": "https://es.wikipedia.org/wiki/Nuestra_Señora_de_los_Ángeles",
        "gender": "female",
        "scale": 2,
        "category": "religiosa",
        "typeofroad": "residential"
      }
    },
    {
      "type": "Feature",
      "geometry": {
        "type": "LineString",
        "coordinates": [
          [
            -6.0014176,
            37.3790603
          ],
          [
            -6.0012628,
            37.3788754
          ],
          [
            -6.0011552,
            37.378747
          ],
          [
            -6.0009698,
            37.3785257
          ],
          [
            -6.0009599,
            37.3785138
          ],
          [
            -6.0009012,
            37.3784412
          ]
        ]
      },
      "properties": {
        "name": "Calle Virgen de Villadiego",
        "id": "31319038",
        "wikipedia_link": "",
        "gender": "female",
        "scale": 2,
        "category": "religiosa",
        "typeofroad": "unclassified"
      }
    },
    {
      "type": "Feature",
      "geometry": {
        "type": "LineString",
        "coordinates": [
          [
            -6.0021895,
            37.3806507
          ],
          [
            -6.0025923,
            37.3808947
          ],
          [
            -6.0028625,
            37.3810584
          ],
          [
            -6.0032694,
            37.3813195
          ],
          [
            -6.0030824,
            37.3815273
          ],
          [
            -6.0033092,
            37.3816987
          ]
        ]
      },
      "properties": {
        "name": "Calle Luz Arriero",
        "id": "31319508",
        "wikipedia_link": "",
        "gender": "female",
        "scale": 2,
        "category": "historica",
        "typeofroad": "residential"
      }
    },
    {
      "type": "Feature",
      "geometry": {
        "type": "LineString",
        "coordinates": [
          [
            -5.9801701,
            37.3511778
          ],
          [
            -5.9802666,
            37.3512207
          ],
          [
            -5.9803687,
            37.3512543
          ],
          [
            -5.9804752,
            37.3512781
          ],
          [
            -5.9805384,
            37.351286
          ],
          [
            -5.9805844,
            37.3512917
          ],
          [
            -5.9806949,
            37.3512951
          ],
          [
            -5.9808051,
            37.351288
          ]
        ]
      },
      "properties": {
        "name": "Glorieta Doña María García Montero",
        "id": "34754119",
        "wikipedia_link": "",
        "gender": "female",
        "scale": 2,
        "category": "politica",
        "typeofroad": "tertiary"
      }
    },
    {
      "type": "Feature",
      "geometry": {
        "type": "LineString",
        "coordinates": [
          [
            -5.9710301,
            37.3569128
          ],
          [
            -5.9710053,
            37.356841
          ],
          [
            -5.9707585,
            37.3561228
          ],
          [
            -5.9704394,
            37.3559162
          ]
        ]
      },
      "properties": {
        "name": "Calle La Celestina",
        "id": "34754351",
        "wikipedia_link": "https://es.wikipedia.org/wiki/La_Celestina",
        "gender": "female",
        "scale": 2,
        "category": "historica",
        "typeofroad": "residential"
      }
    },
    {
      "type": "Feature",
      "geometry": {
        "type": "LineString",
        "coordinates": [
          [
            -5.9698151,
            37.3890986
          ],
          [
            -5.9690873,
            37.3890996
          ],
          [
            -5.9677975,
            37.3891014
          ],
          [
            -5.9676063,
            37.3891016
          ],
          [
            -5.9663939,
            37.3891046
          ],
          [
            -5.9663641,
            37.3891047
          ],
          [
            -5.9662163,
            37.3891068
          ]
        ]
      },
      "properties": {
        "name": "Calle María Josefa Segovia",
        "id": "34760147",
        "wikipedia_link": "",
        "gender": "female",
        "scale": 2,
        "category": "historica",
        "typeofroad": "residential"
      }
    },
    {
      "type": "Feature",
      "geometry": {
        "type": "LineString",
        "coordinates": [
          [
            -5.9671722,
            37.4116489
          ],
          [
            -5.9672979,
            37.4115606
          ]
        ]
      },
      "properties": {
        "name": "Avenida de la Mujer Trabajadora",
        "id": "34760698",
        "wikipedia_link": "",
        "gender": "female",
        "scale": 2,
        "category": "historica",
        "typeofroad": "tertiary"
      }
    },
    {
      "type": "Feature",
      "geometry": {
        "type": "LineString",
        "coordinates": [
          [
            -5.9872125,
            37.3659805
          ],
          [
            -5.9872367,
            37.3653756
          ],
          [
            -5.9872376,
            37.3653539
          ],
          [
            -5.9872597,
            37.3648008
          ],
          [
            -5.9872748,
            37.3644218
          ],
          [
            -5.9872813,
            37.3642599
          ],
          [
            -5.9873022,
            37.3637373
          ],
          [
            -5.9873097,
            37.3635498
          ]
        ]
      },
      "properties": {
        "name": "Calle Sor Gregoria de Santa Teresa",
        "id": "34761860",
        "wikipedia_link": "",
        "gender": "female",
        "scale": 2,
        "category": "santa",
        "typeofroad": "residential"
      }
    },
    {
      "type": "Feature",
      "geometry": {
        "type": "LineString",
        "coordinates": [
          [
            -5.9727343,
            37.3586968
          ],
          [
            -5.9727108,
            37.3586812
          ],
          [
            -5.9726941,
            37.358662
          ],
          [
            -5.9726606,
            37.3586063
          ],
          [
            -5.9724743,
            37.3580663
          ],
          [
            -5.9722155,
            37.3573237
          ],
          [
            -5.9720997,
            37.3569929
          ],
          [
            -5.9720365,
            37.3568124
          ],
          [
            -5.9718087,
            37.3561612
          ],
          [
            -5.9717861,
            37.3560967
          ],
          [
            -5.9717022,
            37.3558266
          ],
          [
            -5.9716872,
            37.3557186
          ],
          [
            -5.971743,
            37.355618
          ],
          [
            -5.9719006,
            37.3555552
          ]
        ]
      },
      "properties": {
        "name": "Calle Victoria Domínguez Cerrato",
        "id": "34761865",
        "wikipedia_link": "",
        "gender": "female",
        "scale": 2,
        "category": "politica",
        "typeofroad": "tertiary"
      }
    },
    {
      "type": "Feature",
      "geometry": {
        "type": "LineString",
        "coordinates": [
          [
            -5.9765347,
            37.3860657
          ],
          [
            -5.9766222,
            37.3854273
          ],
          [
            -5.9767004,
            37.3848522
          ]
        ]
      },
      "properties": {
        "name": "Calle Virgen de Valvanera",
        "id": "35784941",
        "wikipedia_link": "",
        "gender": "female",
        "scale": 2,
        "category": "religiosa",
        "typeofroad": "residential"
      }
    },
    {
      "type": "Feature",
      "geometry": {
        "type": "LineString",
        "coordinates": [
          [
            -5.9723736,
            37.380181
          ],
          [
            -5.9730364,
            37.3798176
          ],
          [
            -5.9732278,
            37.3797669
          ],
          [
            -5.9734324,
            37.3797672
          ],
          [
            -5.9738887,
            37.3798562
          ],
          [
            -5.974012,
            37.3798773
          ]
        ]
      },
      "properties": {
        "name": "Calle Santa Joaquina de Vedruna",
        "id": "30184602",
        "wikipedia_link": "https://es.wikipedia.org/wiki/Joaquina_de_Vedruna",
        "gender": "female",
        "scale": 2,
        "category": "santa",
        "typeofroad": "residential"
      }
    },
    {
      "type": "Feature",
      "geometry": {
        "type": "LineString",
        "coordinates": [
          [
            -5.9704615,
            37.4087316
          ],
          [
            -5.9703658,
            37.4088209
          ],
          [
            -5.9703431,
            37.4088383
          ],
          [
            -5.9697594,
            37.409285
          ],
          [
            -5.9689083,
            37.409985
          ],
          [
            -5.9687465,
            37.410118
          ],
          [
            -5.9686292,
            37.4102148
          ],
          [
            -5.968226,
            37.4105465
          ],
          [
            -5.9674075,
            37.4112199
          ],
          [
            -5.9673599,
            37.4112582
          ],
          [
            -5.9671799,
            37.4114096
          ],
          [
            -5.9671553,
            37.4114304
          ],
          [
            -5.9670728,
            37.4114744
          ]
        ]
      },
      "properties": {
        "name": "Avenida de la Mujer Trabajadora",
        "id": "34760698",
        "wikipedia_link": "",
        "gender": "female",
        "scale": 2,
        "category": "historica",
        "typeofroad": "tertiary"
      }
    },
    {
      "type": "Feature",
      "geometry": {
        "type": "LineString",
        "coordinates": [
          [
            -5.9691985,
            37.3751316
          ],
          [
            -5.9703749,
            37.3754645
          ]
        ]
      },
      "properties": {
        "name": "Calle Madre Isabel Moreno",
        "id": "36276077",
        "wikipedia_link": "https://es.wikipedia.org/wiki/Isabel_Moreno_Mesonero",
        "gender": "female",
        "scale": 2,
        "category": "religiosa",
        "typeofroad": "residential"
      }
    },
    {
      "type": "Feature",
      "geometry": {
        "type": "LineString",
        "coordinates": [
          [
            -5.9449133,
            37.3678324
          ],
          [
            -5.9449267,
            37.3678097
          ],
          [
            -5.945301,
            37.3676714
          ],
          [
            -5.9457596,
            37.3674858
          ],
          [
            -5.9457989,
            37.3674699
          ],
          [
            -5.9462469,
            37.3672876
          ],
          [
            -5.9467246,
            37.3670953
          ],
          [
            -5.9469917,
            37.3669381
          ],
          [
            -5.9472236,
            37.3668027
          ],
          [
            -5.9473813,
            37.366691
          ],
          [
            -5.9475218,
            37.3665756
          ],
          [
            -5.9476051,
            37.366472
          ]
        ]
      },
      "properties": {
        "name": "Calle Carmen Vendrell",
        "id": "36276103",
        "wikipedia_link": "",
        "gender": "female",
        "scale": 2,
        "category": "historica",
        "typeofroad": "residential"
      }
    },
    {
      "type": "Feature",
      "geometry": {
        "type": "LineString",
        "coordinates": [
          [
            -5.9525341,
            37.3728849
          ],
          [
            -5.9522071,
            37.3729541
          ],
          [
            -5.9517143,
            37.3730959
          ],
          [
            -5.9514348,
            37.3731825
          ],
          [
            -5.9512449,
            37.3732841
          ],
          [
            -5.9508039,
            37.37352
          ],
          [
            -5.949689,
            37.3741164
          ],
          [
            -5.9495544,
            37.3741884
          ]
        ]
      },
      "properties": {
        "name": "Avenida Doña Francisquita",
        "id": "36276132",
        "wikipedia_link": "",
        "gender": "female",
        "scale": 2,
        "category": "artista",
        "typeofroad": "residential"
      }
    },
    {
      "type": "Feature",
      "geometry": {
        "type": "LineString",
        "coordinates": [
          [
            -5.9668938,
            37.4119123
          ],
          [
            -5.9670149,
            37.41183
          ],
          [
            -5.9671275,
            37.4117019
          ]
        ]
      },
      "properties": {
        "name": "Avenida de la Mujer Trabajadora",
        "id": "34760698",
        "wikipedia_link": "",
        "gender": "female",
        "scale": 2,
        "category": "historica",
        "typeofroad": "tertiary"
      }
    },
    {
      "type": "Feature",
      "geometry": {
        "type": "LineString",
        "coordinates": [
          [
            -5.9505455,
            37.3771403
          ],
          [
            -5.951254,
            37.3753133
          ]
        ]
      },
      "properties": {
        "name": "Avenida Verbena de la Paloma",
        "id": "36284065",
        "wikipedia_link": "",
        "gender": "female",
        "scale": 2,
        "category": "artista",
        "typeofroad": "residential"
      }
    },
    {
      "type": "Feature",
      "geometry": {
        "type": "LineString",
        "coordinates": [
          [
            -5.9551166,
            37.3767738
          ],
          [
            -5.9553478,
            37.3767929
          ],
          [
            -5.9557027,
            37.376822
          ],
          [
            -5.9560524,
            37.3768507
          ],
          [
            -5.9563548,
            37.3768756
          ],
          [
            -5.9566562,
            37.3769004
          ],
          [
            -5.9566318,
            37.3770929
          ],
          [
            -5.9566124,
            37.3772462
          ],
          [
            -5.9566395,
            37.3776605
          ],
          [
            -5.956701,
            37.3778756
          ],
          [
            -5.9567545,
            37.3780629
          ]
        ]
      },
      "properties": {
        "name": "Plaza de Santa Teresa de Jesús",
        "id": "36284073",
        "wikipedia_link": "",
        "gender": "female",
        "scale": 2,
        "category": "santa",
        "typeofroad": "residential"
      }
    },
    {
      "type": "Feature",
      "geometry": {
        "type": "LineString",
        "coordinates": [
          [
            -5.9572117,
            37.3762631
          ],
          [
            -5.9571932,
            37.3763404
          ],
          [
            -5.9571674,
            37.3764617
          ]
        ]
      },
      "properties": {
        "name": "Calle Beatriz de Ahumada",
        "id": "36284079",
        "wikipedia_link": "https://es.wikipedia.org/wiki/Beatriz_de_Ahumada",
        "gender": "female",
        "scale": 2,
        "category": "religiosa",
        "typeofroad": "residential"
      }
    },
    {
      "type": "Feature",
      "geometry": {
        "type": "LineString",
        "coordinates": [
          [
            -5.9558451,
            37.3782892
          ],
          [
            -5.9562523,
            37.3789807
          ],
          [
            -5.9564127,
            37.3791591
          ]
        ]
      },
      "properties": {
        "name": "Calle Luisa de la Cerda",
        "id": "36284083",
        "wikipedia_link": "https://es.wikipedia.org/wiki/Luisa_de_la_Cerda",
        "gender": "female",
        "scale": 2,
        "category": "religiosa",
        "typeofroad": "residential"
      }
    },
    {
      "type": "Feature",
      "geometry": {
        "type": "LineString",
        "coordinates": [
          [
            -5.9455019,
            37.3703789
          ],
          [
            -5.9446846,
            37.3705663
          ]
        ]
      },
      "properties": {
        "name": "Calle Cristina Hoyos",
        "id": "36284089",
        "wikipedia_link": "https://es.wikipedia.org/wiki/Cristina_Hoyos",
        "gender": "female",
        "scale": 2,
        "category": "artista",
        "typeofroad": "residential"
      }
    },
    {
      "type": "Feature",
      "geometry": {
        "type": "LineString",
        "coordinates": [
          [
            -5.9460882,
            37.3720388
          ],
          [
            -5.9460556,
            37.3720462
          ],
          [
            -5.9451684,
            37.372259
          ]
        ]
      },
      "properties": {
        "name": "Calle Carmen Amaya",
        "id": "36284093",
        "wikipedia_link": "https://es.wikipedia.org/wiki/Carmen_Amaya",
        "gender": "female",
        "scale": 2,
        "category": "artista",
        "typeofroad": "residential"
      }
    },
    {
      "type": "Feature",
      "geometry": {
        "type": "LineString",
        "coordinates": [
          [
            -5.9456809,
            37.3729651
          ],
          [
            -5.9460556,
            37.3720462
          ]
        ]
      },
      "properties": {
        "name": "Calle Rigoberta Menchú",
        "id": "36284094",
        "wikipedia_link": "https://es.wikipedia.org/wiki/Rigoberta_Menchú",
        "gender": "female",
        "scale": 2,
        "category": "politica",
        "typeofroad": "pedestrian"
      }
    },
    {
      "type": "Feature",
      "geometry": {
        "type": "LineString",
        "coordinates": [
          [
            -5.9447486,
            37.3717669
          ],
          [
            -5.9447359,
            37.3716713
          ],
          [
            -5.9446952,
            37.3711558
          ],
          [
            -5.9446846,
            37.3705663
          ],
          [
            -5.9446841,
            37.3699702
          ],
          [
            -5.9446894,
            37.3696025
          ],
          [
            -5.9446801,
            37.3683326
          ],
          [
            -5.9446975,
            37.3679571
          ],
          [
            -5.9447095,
            37.3678986
          ]
        ]
      },
      "properties": {
        "name": "Calle Valentina Pinelo",
        "id": "36284096",
        "wikipedia_link": "https://es.wikipedia.org/wiki/Valentina_Pinelo",
        "gender": "female",
        "scale": 2,
        "category": "religiosa",
        "typeofroad": "residential"
      }
    },
    {
      "type": "Feature",
      "geometry": {
        "type": "LineString",
        "coordinates": [
          [
            -5.9446841,
            37.3699702
          ],
          [
            -5.9453043,
            37.3698339
          ]
        ]
      },
      "properties": {
        "name": "Carolina Coronado",
        "id": "36284097",
        "wikipedia_link": "https://es.wikipedia.org/wiki/Carolina_Coronado",
        "gender": "female",
        "scale": 2,
        "category": "escritora",
        "typeofroad": "residential"
      }
    },
    {
      "type": "Feature",
      "geometry": {
        "type": "LineString",
        "coordinates": [
          [
            -5.9450234,
            37.3718887
          ],
          [
            -5.9450339,
            37.3718496
          ],
          [
            -5.9450285,
            37.3718099
          ],
          [
            -5.9450077,
            37.3717735
          ],
          [
            -5.9449736,
            37.3717441
          ],
          [
            -5.9449297,
            37.3717246
          ],
          [
            -5.9448803,
            37.371717
          ],
          [
            -5.9448304,
            37.3717221
          ],
          [
            -5.944785,
            37.3717393
          ],
          [
            -5.9447486,
            37.3717669
          ],
          [
            -5.9447253,
            37.3718015
          ],
          [
            -5.9447164,
            37.3718402
          ],
          [
            -5.9447207,
            37.3718725
          ],
          [
            -5.9447352,
            37.3719028
          ],
          [
            -5.9447432,
            37.3719184
          ],
          [
            -5.9448027,
            37.3719555
          ],
          [
            -5.944855,
            37.3719685
          ],
          [
            -5.9449098,
            37.3719665
          ],
          [
            -5.9449604,
            37.3719498
          ],
          [
            -5.9449981,
            37.3719233
          ],
          [
            -5.9450234,
            37.3718887
          ]
        ]
      },
      "properties": {
        "name": "Glorieta Amantina Cobos",
        "id": "36284098",
        "wikipedia_link": "",
        "gender": "female",
        "scale": 2,
        "category": "politica",
        "typeofroad": "residential"
      }
    },
    {
      "type": "Feature",
      "geometry": {
        "type": "LineString",
        "coordinates": [
          [
            -5.9491879,
            37.3733596
          ],
          [
            -5.9500122,
            37.3727893
          ],
          [
            -5.9503348,
            37.3725662
          ],
          [
            -5.9506503,
            37.3723479
          ],
          [
            -5.9512813,
            37.3719114
          ],
          [
            -5.9517618,
            37.3715789
          ]
        ]
      },
      "properties": {
        "name": "Calle Virgen de la Saletta",
        "id": "36284127",
        "wikipedia_link": "",
        "gender": "female",
        "scale": 2,
        "category": "religiosa",
        "typeofroad": "residential"
      }
    },
    {
      "type": "Feature",
      "geometry": {
        "type": "LineString",
        "coordinates": [
          [
            -5.947999,
            37.3732904
          ],
          [
            -5.948319,
            37.3741866
          ]
        ]
      },
      "properties": {
        "name": "Calle María Guerrero",
        "id": "36284129",
        "wikipedia_link": "https://es.wikipedia.org/wiki/María_Guerrero_(actriz)",
        "gender": "female",
        "scale": 2,
        "category": "artista",
        "typeofroad": "residential"
      }
    },
    {
      "type": "Feature",
      "geometry": {
        "type": "LineString",
        "coordinates": [
          [
            -5.9728168,
            37.3629608
          ],
          [
            -5.9725481,
            37.3627871
          ],
          [
            -5.9720944,
            37.362558
          ],
          [
            -5.9718113,
            37.3624619
          ],
          [
            -5.9714783,
            37.3624084
          ],
          [
            -5.9712063,
            37.3623821
          ]
        ]
      },
      "properties": {
        "name": "Ronda Nuestra Señora de la Oliva",
        "id": "27947450",
        "wikipedia_link": "",
        "gender": "female",
        "scale": 2,
        "category": "religiosa",
        "typeofroad": "residential"
      }
    },
    {
      "type": "Feature",
      "geometry": {
        "type": "LineString",
        "coordinates": [
          [
            -5.9618874,
            37.3600197
          ],
          [
            -5.9616709,
            37.3597339
          ],
          [
            -5.9614731,
            37.3594728
          ],
          [
            -5.9613633,
            37.3593279
          ]
        ]
      },
      "properties": {
        "name": "Calle Tristana",
        "id": "36356428",
        "wikipedia_link": "https://es.wikipedia.org/wiki/Tristana_(novela)",
        "gender": "female",
        "scale": 2,
        "category": "historica",
        "typeofroad": "residential"
      }
    },
    {
      "type": "Feature",
      "geometry": {
        "type": "LineString",
        "coordinates": [
          [
            -5.9813929,
            37.3730313
          ],
          [
            -5.9819938,
            37.3730948
          ],
          [
            -5.9831158,
            37.3732128
          ]
        ]
      },
      "properties": {
        "name": "Calle Nuestra Señora de la Paz",
        "id": "36731262",
        "wikipedia_link": "",
        "gender": "female",
        "scale": 2,
        "category": "religiosa",
        "typeofroad": "residential"
      }
    },
    {
      "type": "Feature",
      "geometry": {
        "type": "LineString",
        "coordinates": [
          [
            -5.9803897,
            37.3798866
          ],
          [
            -5.9807398,
            37.3796564
          ],
          [
            -5.9807798,
            37.3796218
          ],
          [
            -5.980903,
            37.3792861
          ],
          [
            -5.9809336,
            37.3792029
          ]
        ]
      },
      "properties": {
        "name": "Calle Clara Campoamor",
        "id": "36731279",
        "wikipedia_link": "https://es.wikipedia.org/wiki/Clara_Campoamor",
        "gender": "female",
        "scale": 2,
        "category": "politica",
        "typeofroad": "residential"
      }
    },
    {
      "type": "Feature",
      "geometry": {
        "type": "LineString",
        "coordinates": [
          [
            -5.9762584,
            37.3709222
          ],
          [
            -5.9761649,
            37.3709347
          ],
          [
            -5.9757814,
            37.3709838
          ],
          [
            -5.9754186,
            37.3710306
          ],
          [
            -5.9752958,
            37.3710321
          ]
        ]
      },
      "properties": {
        "name": "Calle Doña Clarines",
        "id": "36738306",
        "wikipedia_link": "",
        "gender": "female",
        "scale": 2,
        "category": "historica",
        "typeofroad": "residential"
      }
    },
    {
      "type": "Feature",
      "geometry": {
        "type": "LineString",
        "coordinates": [
          [
            -5.976446,
            37.3718595
          ],
          [
            -5.9759654,
            37.3719263
          ],
          [
            -5.9756043,
            37.3719765
          ]
        ]
      },
      "properties": {
        "name": "Calle Abogada Rosa María Morán",
        "id": "36738311",
        "wikipedia_link": "",
        "gender": "female",
        "scale": 2,
        "category": "politica",
        "typeofroad": "residential"
      }
    },
    {
      "type": "Feature",
      "geometry": {
        "type": "LineString",
        "coordinates": [
          [
            -5.9763643,
            37.3714512
          ],
          [
            -5.9758848,
            37.3715132
          ],
          [
            -5.9755225,
            37.37156
          ]
        ]
      },
      "properties": {
        "name": "Calle Abogada Carmen Moya",
        "id": "36738312",
        "wikipedia_link": "",
        "gender": "female",
        "scale": 2,
        "category": "politica",
        "typeofroad": "residential"
      }
    },
    {
      "type": "Feature",
      "geometry": {
        "type": "LineString",
        "coordinates": [
          [
            -5.9777299,
            37.3694322
          ],
          [
            -5.9776703,
            37.3694388
          ],
          [
            -5.9773899,
            37.3694761
          ],
          [
            -5.977128,
            37.3695099
          ],
          [
            -5.9771073,
            37.3695126
          ],
          [
            -5.9768746,
            37.3695427
          ],
          [
            -5.9768153,
            37.3695497
          ],
          [
            -5.9760958,
            37.3696424
          ],
          [
            -5.9760541,
            37.3696487
          ],
          [
            -5.9760047,
            37.369655
          ]
        ]
      },
      "properties": {
        "name": "Calle Concepción Arenal",
        "id": "36738320",
        "wikipedia_link": "https://es.wikipedia.org/wiki/Concepción_Arenal",
        "gender": "female",
        "scale": 2,
        "category": "politica",
        "typeofroad": "residential"
      }
    },
    {
      "type": "Feature",
      "geometry": {
        "type": "LineString",
        "coordinates": [
          [
            -5.9760563,
            37.3674898
          ],
          [
            -5.975992,
            37.3671653
          ],
          [
            -5.9759279,
            37.3668414
          ]
        ]
      },
      "properties": {
        "name": "Calle Rosario Pino",
        "id": "36738357",
        "wikipedia_link": "https://es.wikipedia.org/wiki/Rosario_Pino",
        "gender": "female",
        "scale": 2,
        "category": "artista",
        "typeofroad": "residential"
      }
    },
    {
      "type": "Feature",
      "geometry": {
        "type": "LineString",
        "coordinates": [
          [
            -5.9746407,
            37.3710452
          ],
          [
            -5.974966,
            37.3718998
          ],
          [
            -5.9750178,
            37.3719533
          ],
          [
            -5.9751002,
            37.371968
          ],
          [
            -5.9754826,
            37.3718858
          ]
        ]
      },
      "properties": {
        "name": "Calle Quinita Flores",
        "id": "36738371",
        "wikipedia_link": "",
        "gender": "female",
        "scale": 2,
        "category": "artista",
        "typeofroad": "residential"
      }
    },
    {
      "type": "Feature",
      "geometry": {
        "type": "LineString",
        "coordinates": [
          [
            -5.9687047,
            37.3658343
          ],
          [
            -5.9685747,
            37.3657711
          ],
          [
            -5.9683273,
            37.3656507
          ],
          [
            -5.9680654,
            37.3655162
          ],
          [
            -5.9676363,
            37.3653158
          ]
        ]
      },
      "properties": {
        "name": "Ronda Nuestra Señora de la Oliva",
        "id": "27947450",
        "wikipedia_link": "",
        "gender": "female",
        "scale": 2,
        "category": "religiosa",
        "typeofroad": "residential"
      }
    },
    {
      "type": "Feature",
      "geometry": {
        "type": "LineString",
        "coordinates": [
          [
            -5.9664735,
            37.3875346
          ],
          [
            -5.9664838,
            37.387447
          ],
          [
            -5.966486,
            37.3874286
          ],
          [
            -5.9664883,
            37.3874092
          ],
          [
            -5.9665008,
            37.3873022
          ]
        ]
      },
      "properties": {
        "name": "Calle Beatriz de Suabia",
        "id": "36742820",
        "wikipedia_link": "https://es.wikipedia.org/wiki/Beatriz_de_Suabia",
        "gender": "female",
        "scale": 2,
        "category": "historica",
        "typeofroad": "pedestrian"
      }
    },
    {
      "type": "Feature",
      "geometry": {
        "type": "LineString",
        "coordinates": [
          [
            -5.9613984,
            37.3850589
          ],
          [
            -5.9614027,
            37.3850274
          ],
          [
            -5.9614628,
            37.3845816
          ],
          [
            -5.9615257,
            37.3841163
          ],
          [
            -5.9615282,
            37.3840978
          ],
          [
            -5.961534,
            37.3840548
          ],
          [
            -5.9615413,
            37.3840007
          ],
          [
            -5.9615834,
            37.3836883
          ],
          [
            -5.9616188,
            37.3834266
          ],
          [
            -5.9616483,
            37.3832088
          ],
          [
            -5.961718,
            37.3826927
          ],
          [
            -5.9617205,
            37.3826742
          ],
          [
            -5.9617261,
            37.3826331
          ],
          [
            -5.961778,
            37.3822484
          ],
          [
            -5.9618505,
            37.3817102
          ],
          [
            -5.961856,
            37.3816694
          ],
          [
            -5.9619007,
            37.3813394
          ],
          [
            -5.9619078,
            37.3812869
          ],
          [
            -5.961909,
            37.3812784
          ],
          [
            -5.9619119,
            37.381257
          ],
          [
            -5.9619198,
            37.3811983
          ]
        ]
      },
      "properties": {
        "name": "Calle Madre María Teresa",
        "id": "36742829",
        "wikipedia_link": "",
        "gender": "female",
        "scale": 2,
        "category": "religiosa",
        "typeofroad": "residential"
      }
    },
    {
      "type": "Feature",
      "geometry": {
        "type": "LineString",
        "coordinates": [
          [
            -5.9640314,
            37.3813639
          ],
          [
            -5.964024,
            37.3814264
          ],
          [
            -5.9640214,
            37.3814485
          ],
          [
            -5.9640155,
            37.3814983
          ],
          [
            -5.9639751,
            37.3818415
          ],
          [
            -5.9639084,
            37.3824072
          ],
          [
            -5.9638572,
            37.3828411
          ],
          [
            -5.9637029,
            37.3841492
          ],
          [
            -5.9636986,
            37.384185
          ],
          [
            -5.9636943,
            37.3842218
          ]
        ]
      },
      "properties": {
        "name": "Calle Juana de Castilla",
        "id": "36742834",
        "wikipedia_link": "https://es.wikipedia.org/wiki/Juana_I_de_Castilla",
        "gender": "female",
        "scale": 2,
        "category": "historica",
        "typeofroad": "residential"
      }
    },
    {
      "type": "Feature",
      "geometry": {
        "type": "LineString",
        "coordinates": [
          [
            -5.9425353,
            37.3855454
          ],
          [
            -5.942395,
            37.3862464
          ]
        ]
      },
      "properties": {
        "name": "Calle Santa Isabel",
        "id": "36743862",
        "wikipedia_link": "https://es.wikipedia.org/wiki/Santa_Isabel",
        "gender": "female",
        "scale": 2,
        "category": "santa",
        "typeofroad": "residential"
      }
    },
    {
      "type": "Feature",
      "geometry": {
        "type": "LineString",
        "coordinates": [
          [
            -5.9975229,
            37.3908965
          ],
          [
            -5.9975116,
            37.3908835
          ],
          [
            -5.9974285,
            37.3907882
          ],
          [
            -5.9973481,
            37.3906213
          ]
        ]
      },
      "properties": {
        "name": "Calle Santa Justa",
        "id": "37246860",
        "wikipedia_link": "",
        "gender": "female",
        "scale": 2,
        "category": "santa",
        "typeofroad": "pedestrian"
      }
    },
    {
      "type": "Feature",
      "geometry": {
        "type": "LineString",
        "coordinates": [
          [
            -5.9892314,
            37.3790487
          ],
          [
            -5.9891437,
            37.378909
          ],
          [
            -5.9891309,
            37.3788889
          ],
          [
            -5.989103,
            37.3788451
          ]
        ]
      },
      "properties": {
        "name": "Avenida Isabel la Católica",
        "id": "37522266",
        "wikipedia_link": "https://es.wikipedia.org/wiki/Isabel_I_de_Castilla",
        "gender": "female",
        "scale": 2,
        "category": "historica",
        "typeofroad": "living_street"
      }
    },
    {
      "type": "Feature",
      "geometry": {
        "type": "LineString",
        "coordinates": [
          [
            -5.9860676,
            37.3942103
          ],
          [
            -5.9858484,
            37.3938809
          ],
          [
            -5.9856299,
            37.3935359
          ],
          [
            -5.9856142,
            37.3935106
          ]
        ]
      },
      "properties": {
        "name": "Pasaje Virgen de los Gitanos",
        "id": "37530630",
        "wikipedia_link": "",
        "gender": "female",
        "scale": 2,
        "category": "religiosa",
        "typeofroad": "pedestrian"
      }
    },
    {
      "type": "Feature",
      "geometry": {
        "type": "LineString",
        "coordinates": [
          [
            -5.9241873,
            37.4001927
          ],
          [
            -5.924104,
            37.4000768
          ],
          [
            -5.9237641,
            37.3996038
          ],
          [
            -5.923661,
            37.3994604
          ],
          [
            -5.9235748,
            37.3993404
          ],
          [
            -5.9231362,
            37.3987301
          ],
          [
            -5.9226223,
            37.398015
          ],
          [
            -5.9223682,
            37.3976614
          ],
          [
            -5.9220971,
            37.3972842
          ],
          [
            -5.9220242,
            37.3971825
          ]
        ]
      },
      "properties": {
        "name": "Calle Fernanda Calado Rosales",
        "id": "37590841",
        "wikipedia_link": "",
        "gender": "female",
        "scale": 2,
        "category": "historica",
        "typeofroad": "residential"
      }
    },
    {
      "type": "Feature",
      "geometry": {
        "type": "LineString",
        "coordinates": [
          [
            -5.9211857,
            37.4005818
          ],
          [
            -5.9210997,
            37.4004618
          ],
          [
            -5.9210465,
            37.4003876
          ],
          [
            -5.9208304,
            37.4000862
          ],
          [
            -5.920535,
            37.3996742
          ],
          [
            -5.9199001,
            37.3987885
          ],
          [
            -5.91963,
            37.3984118
          ],
          [
            -5.9196027,
            37.3983737
          ],
          [
            -5.9195573,
            37.3983104
          ]
        ]
      },
      "properties": {
        "name": "Calle Doctora Navarro Rodríguez",
        "id": "37590845",
        "wikipedia_link": "",
        "gender": "female",
        "scale": 2,
        "category": "cientifica",
        "typeofroad": "residential"
      }
    },
    {
      "type": "Feature",
      "geometry": {
        "type": "LineString",
        "coordinates": [
          [
            -5.9977368,
            37.3944335
          ],
          [
            -5.9977026,
            37.3946522
          ],
          [
            -5.9976565,
            37.3949425
          ],
          [
            -5.9976227,
            37.3951609
          ]
        ]
      },
      "properties": {
        "name": "Calle María Santísima de las Tristezas",
        "id": "38312315",
        "wikipedia_link": "",
        "gender": "female",
        "scale": 2,
        "category": "religiosa",
        "typeofroad": "living_street"
      }
    },
    {
      "type": "Feature",
      "geometry": {
        "type": "LineString",
        "coordinates": [
          [
            -5.9977026,
            37.3946522
          ],
          [
            -5.9973155,
            37.3946098
          ]
        ]
      },
      "properties": {
        "name": "Calle Ceres",
        "id": "38312316",
        "wikipedia_link": "https://es.wikipedia.org/wiki/Ceres_(mitología)",
        "gender": "female",
        "scale": 2,
        "category": "historica",
        "typeofroad": "pedestrian"
      }
    },
    {
      "type": "Feature",
      "geometry": {
        "type": "LineString",
        "coordinates": [
          [
            -5.9593485,
            37.3701497
          ],
          [
            -5.9592685,
            37.37023
          ],
          [
            -5.9583934,
            37.3711075
          ],
          [
            -5.9574694,
            37.3720339
          ]
        ]
      },
      "properties": {
        "name": "Calle Nuestra Señora de los Dolores",
        "id": "39628667",
        "wikipedia_link": "",
        "gender": "female",
        "scale": 2,
        "category": "religiosa",
        "typeofroad": "residential"
      }
    },
    {
      "type": "Feature",
      "geometry": {
        "type": "LineString",
        "coordinates": [
          [
            -5.9868539,
            37.3753556
          ],
          [
            -5.986848,
            37.3754321
          ],
          [
            -5.9868692,
            37.3754668
          ],
          [
            -5.9870671,
            37.3757911
          ],
          [
            -5.9876119,
            37.3766841
          ]
        ]
      },
      "properties": {
        "name": "Avenida Isabel la Católica",
        "id": "37522266",
        "wikipedia_link": "https://es.wikipedia.org/wiki/Isabel_I_de_Castilla",
        "gender": "female",
        "scale": 2,
        "category": "historica",
        "typeofroad": "living_street"
      }
    },
    {
      "type": "Feature",
      "geometry": {
        "type": "LineString",
        "coordinates": [
          [
            -5.9445782,
            37.4007454
          ],
          [
            -5.9448227,
            37.4007674
          ],
          [
            -5.9450642,
            37.4008108
          ],
          [
            -5.945299,
            37.4008919
          ],
          [
            -5.9455551,
            37.4010362
          ],
          [
            -5.9458686,
            37.4012709
          ],
          [
            -5.9462238,
            37.4016524
          ],
          [
            -5.9464432,
            37.4019421
          ],
          [
            -5.946586,
            37.4021962
          ],
          [
            -5.9466397,
            37.4023274
          ],
          [
            -5.9473227,
            37.4039969
          ],
          [
            -5.9473485,
            37.4040602
          ],
          [
            -5.9475145,
            37.4045093
          ],
          [
            -5.9475859,
            37.4046806
          ],
          [
            -5.947702,
            37.40496
          ],
          [
            -5.947806,
            37.40523
          ],
          [
            -5.9479127,
            37.4055117
          ],
          [
            -5.9480179,
            37.4057764
          ]
        ]
      },
      "properties": {
        "name": "Calle Carmen Laffón",
        "id": "40695365",
        "wikipedia_link": "",
        "gender": "female",
        "scale": 2,
        "category": "artista",
        "typeofroad": "residential"
      }
    },
    {
      "type": "Feature",
      "geometry": {
        "type": "LineString",
        "coordinates": [
          [
            -5.9646056,
            37.3612755
          ],
          [
            -5.9647346,
            37.3613401
          ],
          [
            -5.9649732,
            37.3613115
          ],
          [
            -5.9655262,
            37.3611391
          ]
        ]
      },
      "properties": {
        "name": "Calle Carmen Huerta",
        "id": "40734782",
        "wikipedia_link": "",
        "gender": "female",
        "scale": 2,
        "category": "historica",
        "typeofroad": "residential"
      }
    },
    {
      "type": "Feature",
      "geometry": {
        "type": "LineString",
        "coordinates": [
          [
            -5.928248,
            37.412434
          ],
          [
            -5.9274928,
            37.4121621
          ],
          [
            -5.9262642,
            37.4117197
          ],
          [
            -5.9261103,
            37.4116643
          ],
          [
            -5.9260075,
            37.4116235
          ],
          [
            -5.9258631,
            37.4115753
          ]
        ]
      },
      "properties": {
        "name": "Calle Nuestra Señora de los Desamparados",
        "id": "41068007",
        "wikipedia_link": "",
        "gender": "female",
        "scale": 2,
        "category": "religiosa",
        "typeofroad": "residential"
      }
    },
    {
      "type": "Feature",
      "geometry": {
        "type": "LineString",
        "coordinates": [
          [
            -5.9165787,
            37.4099029
          ],
          [
            -5.9161216,
            37.4107618
          ]
        ]
      },
      "properties": {
        "name": "Calle María Fulmen",
        "id": "41068012",
        "wikipedia_link": "",
        "gender": "female",
        "scale": 2,
        "category": "historica",
        "typeofroad": "residential"
      }
    },
    {
      "type": "Feature",
      "geometry": {
        "type": "LineString",
        "coordinates": [
          [
            -5.9185083,
            37.4105603
          ],
          [
            -5.9175203,
            37.4102253
          ],
          [
            -5.9170961,
            37.4100815
          ],
          [
            -5.9165787,
            37.4099029
          ]
        ]
      },
      "properties": {
        "name": "Calle Beata Ana María Javouhey",
        "id": "41068021",
        "wikipedia_link": "https://es.wikipedia.org/wiki/Ana_María_Javouhey",
        "gender": "female",
        "scale": 2,
        "category": "santa",
        "typeofroad": "residential"
      }
    },
    {
      "type": "Feature",
      "geometry": {
        "type": "LineString",
        "coordinates": [
          [
            -5.9406588,
            37.4006454
          ],
          [
            -5.9406407,
            37.4006303
          ],
          [
            -5.9406184,
            37.4006201
          ],
          [
            -5.9405934,
            37.4006153
          ],
          [
            -5.9405677,
            37.4006163
          ],
          [
            -5.9405434,
            37.400623
          ],
          [
            -5.9405225,
            37.4006349
          ],
          [
            -5.9405045,
            37.4006542
          ],
          [
            -5.9404955,
            37.4006772
          ],
          [
            -5.9404966,
            37.4007012
          ],
          [
            -5.9405075,
            37.4007236
          ],
          [
            -5.9405272,
            37.4007418
          ],
          [
            -5.9405539,
            37.400754
          ],
          [
            -5.9405841,
            37.4007584
          ],
          [
            -5.9406145,
            37.4007545
          ],
          [
            -5.9406415,
            37.4007427
          ],
          [
            -5.9406619,
            37.4007244
          ],
          [
            -5.9406722,
            37.4007052
          ],
          [
            -5.9406753,
            37.4006845
          ],
          [
            -5.9406706,
            37.400664
          ],
          [
            -5.9406588,
            37.4006454
          ]
        ]
      },
      "properties": {
        "name": "Plazoleta Nuestra Señora de los Ángeles",
        "id": "41215876",
        "wikipedia_link": "",
        "gender": "female",
        "scale": 2,
        "category": "religiosa",
        "typeofroad": "pedestrian"
      }
    },
    {
      "type": "Feature",
      "geometry": {
        "type": "LineString",
        "coordinates": [
          [
            -5.9406833,
            37.4008676
          ],
          [
            -5.9406113,
            37.4009386
          ],
          [
            -5.9404385,
            37.400828
          ],
          [
            -5.940258,
            37.4007124
          ],
          [
            -5.9404083,
            37.4005642
          ],
          [
            -5.9405463,
            37.4004283
          ],
          [
            -5.9407237,
            37.4005418
          ],
          [
            -5.9408995,
            37.4006544
          ],
          [
            -5.940761,
            37.400791
          ],
          [
            -5.9406833,
            37.4008676
          ]
        ]
      },
      "properties": {
        "name": "Plazoleta Nuestra Señora de los Ángeles",
        "id": "41215876",
        "wikipedia_link": "",
        "gender": "female",
        "scale": 2,
        "category": "religiosa",
        "typeofroad": "pedestrian"
      }
    },
    {
      "type": "Feature",
      "geometry": {
        "type": "LineString",
        "coordinates": [
          [
            -5.9115753,
            37.3843408
          ],
          [
            -5.911706,
            37.384032
          ],
          [
            -5.9118719,
            37.3836772
          ],
          [
            -5.9121066,
            37.3831352
          ],
          [
            -5.9125981,
            37.3820307
          ],
          [
            -5.9127414,
            37.3817078
          ]
        ]
      },
      "properties": {
        "name": "Calle Madre de la Iglesia",
        "id": "43796163",
        "wikipedia_link": "",
        "gender": "female",
        "scale": 2,
        "category": "religiosa",
        "typeofroad": "residential"
      }
    },
    {
      "type": "Feature",
      "geometry": {
        "type": "LineString",
        "coordinates": [
          [
            -6.0093155,
            37.3883958
          ],
          [
            -6.0094591,
            37.3879836
          ],
          [
            -6.0095722,
            37.3876671
          ],
          [
            -6.0100091,
            37.3877811
          ]
        ]
      },
      "properties": {
        "name": "Plaza Virgen de la Amargura",
        "id": "49061644",
        "wikipedia_link": "",
        "gender": "female",
        "scale": 2,
        "category": "religiosa",
        "typeofroad": "living_street"
      }
    },
    {
      "type": "Feature",
      "geometry": {
        "type": "LineString",
        "coordinates": [
          [
            -5.9881642,
            37.4103943
          ],
          [
            -5.988161,
            37.4103106
          ],
          [
            -5.9881579,
            37.410229
          ],
          [
            -5.9881499,
            37.4100223
          ],
          [
            -5.9880713,
            37.4086899
          ],
          [
            -5.9880675,
            37.4086254
          ],
          [
            -5.9880655,
            37.4085712
          ],
          [
            -5.9880535,
            37.4084604
          ]
        ]
      },
      "properties": {
        "name": "Calle Fedra",
        "id": "49400740",
        "wikipedia_link": "https://es.wikipedia.org/wiki/Fedra",
        "gender": "female",
        "scale": 2,
        "category": "historica",
        "typeofroad": "residential"
      }
    },
    {
      "type": "Feature",
      "geometry": {
        "type": "LineString",
        "coordinates": [
          [
            -5.9809147,
            37.3894972
          ],
          [
            -5.9805747,
            37.3891094
          ],
          [
            -5.9802442,
            37.3886862
          ],
          [
            -5.9801723,
            37.3884702
          ],
          [
            -5.9803106,
            37.3877951
          ],
          [
            -5.9803308,
            37.3876966
          ]
        ]
      },
      "properties": {
        "name": "Calle Virgen de la Encarnación",
        "id": "50001922",
        "wikipedia_link": "",
        "gender": "female",
        "scale": 2,
        "category": "religiosa",
        "typeofroad": "pedestrian"
      }
    },
    {
      "type": "Feature",
      "geometry": {
        "type": "LineString",
        "coordinates": [
          [
            -5.9234333,
            37.4123455
          ],
          [
            -5.9219074,
            37.4118163
          ],
          [
            -5.9217815,
            37.4117727
          ],
          [
            -5.920065,
            37.4111779
          ],
          [
            -5.9190702,
            37.4108101
          ]
        ]
      },
      "properties": {
        "name": "Calle Carmen Conde",
        "id": "52031450",
        "wikipedia_link": "https://es.wikipedia.org/wiki/Carmen_Conde",
        "gender": "female",
        "scale": 2,
        "category": "escritora",
        "typeofroad": "pedestrian"
      }
    },
    {
      "type": "Feature",
      "geometry": {
        "type": "LineString",
        "coordinates": [
          [
            -5.9186305,
            37.411609
          ],
          [
            -5.9190702,
            37.4108101
          ],
          [
            -5.919308,
            37.4103779
          ]
        ]
      },
      "properties": {
        "name": "Calle Gloria Fuertes",
        "id": "52031451",
        "wikipedia_link": "https://es.wikipedia.org/wiki/Gloria_Fuertes",
        "gender": "female",
        "scale": 2,
        "category": "escritora",
        "typeofroad": "pedestrian"
      }
    },
    {
      "type": "Feature",
      "geometry": {
        "type": "LineString",
        "coordinates": [
          [
            -5.9196368,
            37.4119506
          ],
          [
            -5.9197102,
            37.411818
          ],
          [
            -5.920065,
            37.4111779
          ],
          [
            -5.9203107,
            37.4107344
          ],
          [
            -5.9203384,
            37.4106844
          ]
        ]
      },
      "properties": {
        "name": "Calle Concepción Estevarena",
        "id": "52031452",
        "wikipedia_link": "",
        "gender": "female",
        "scale": 2,
        "category": "historica",
        "typeofroad": "residential"
      }
    },
    {
      "type": "Feature",
      "geometry": {
        "type": "LineString",
        "coordinates": [
          [
            -5.9781993,
            37.3569897
          ],
          [
            -5.9781401,
            37.3575163
          ],
          [
            -5.9780994,
            37.3576295
          ],
          [
            -5.9779913,
            37.3577374
          ],
          [
            -5.9776148,
            37.3578762
          ]
        ]
      },
      "properties": {
        "name": "Calle Mary Ward",
        "id": "53357131",
        "wikipedia_link": "https://es.wikipedia.org/wiki/Mary_Ward_(religiosa)",
        "gender": "female",
        "scale": 2,
        "category": "religiosa",
        "typeofroad": "residential"
      }
    },
    {
      "type": "Feature",
      "geometry": {
        "type": "LineString",
        "coordinates": [
          [
            -5.9780553,
            37.358675
          ],
          [
            -5.9791848,
            37.3582681
          ],
          [
            -5.9797724,
            37.3580568
          ]
        ]
      },
      "properties": {
        "name": "Calle Dulce Chacón",
        "id": "53380853",
        "wikipedia_link": "https://es.wikipedia.org/wiki/Dulce_Chacón",
        "gender": "female",
        "scale": 2,
        "category": "escritora",
        "typeofroad": "residential"
      }
    },
    {
      "type": "Feature",
      "geometry": {
        "type": "LineString",
        "coordinates": [
          [
            -6.0069784,
            37.4056748
          ],
          [
            -6.0069007,
            37.4057735
          ],
          [
            -6.0068356,
            37.4058241
          ],
          [
            -6.006783,
            37.4058216
          ],
          [
            -6.0067635,
            37.4058183
          ],
          [
            -6.0067382,
            37.405814
          ],
          [
            -6.0055651,
            37.4056233
          ],
          [
            -6.0047484,
            37.4054905
          ]
        ]
      },
      "properties": {
        "name": "Calle Marie Curie",
        "id": "54725715",
        "wikipedia_link": "https://es.wikipedia.org/wiki/Marie_Curie",
        "gender": "female",
        "scale": 2,
        "category": "cientifica",
        "typeofroad": "residential"
      }
    },
    {
      "type": "Feature",
      "geometry": {
        "type": "LineString",
        "coordinates": [
          [
            -6.008572,
            37.4060413
          ],
          [
            -6.0085339,
            37.406096
          ],
          [
            -6.0084891,
            37.406125
          ],
          [
            -6.0084232,
            37.4061171
          ],
          [
            -6.0078359,
            37.4060109
          ],
          [
            -6.007207,
            37.4059074
          ],
          [
            -6.0071333,
            37.4058799
          ],
          [
            -6.0070885,
            37.4058641
          ],
          [
            -6.0070489,
            37.4058035
          ],
          [
            -6.0070368,
            37.405723
          ]
        ]
      },
      "properties": {
        "name": "Calle Marie Curie",
        "id": "54725715",
        "wikipedia_link": "https://es.wikipedia.org/wiki/Marie_Curie",
        "gender": "female",
        "scale": 2,
        "category": "cientifica",
        "typeofroad": "residential"
      }
    },
    {
      "type": "Feature",
      "geometry": {
        "type": "LineString",
        "coordinates": [
          [
            -5.9943855,
            37.4119866
          ],
          [
            -5.9944081,
            37.4119497
          ],
          [
            -5.9944203,
            37.4119098
          ],
          [
            -5.9944216,
            37.4118688
          ],
          [
            -5.9944061,
            37.4118152
          ],
          [
            -5.9943721,
            37.4117673
          ],
          [
            -5.9943224,
            37.411729
          ],
          [
            -5.9942802,
            37.4117096
          ],
          [
            -5.9942339,
            37.4116972
          ],
          [
            -5.9941855,
            37.4116925
          ],
          [
            -5.9941369,
            37.4116957
          ],
          [
            -5.99409,
            37.4117065
          ],
          [
            -5.9940468,
            37.4117245
          ],
          [
            -5.9940246,
            37.4117377
          ],
          [
            -5.9939914,
            37.4117648
          ],
          [
            -5.9939655,
            37.4117966
          ],
          [
            -5.993948,
            37.4118317
          ],
          [
            -5.9939395,
            37.411869
          ],
          [
            -5.9939426,
            37.4119191
          ],
          [
            -5.993962,
            37.4119669
          ],
          [
            -5.9939963,
            37.4120091
          ],
          [
            -5.9940432,
            37.4120428
          ],
          [
            -5.994065,
            37.4120534
          ],
          [
            -5.9941133,
            37.4120692
          ],
          [
            -5.9941647,
            37.4120763
          ],
          [
            -5.9942169,
            37.4120746
          ],
          [
            -5.9942674,
            37.4120639
          ],
          [
            -5.9943138,
            37.412045
          ],
          [
            -5.9943536,
            37.4120188
          ],
          [
            -5.9943855,
            37.4119866
          ]
        ]
      },
      "properties": {
        "name": "Glorieta Beatriz Manchón",
        "id": "55137648",
        "wikipedia_link": "https://es.wikipedia.org/wiki/Beatriz_Manchón",
        "gender": "female",
        "scale": 2,
        "category": "cientifica",
        "typeofroad": "secondary"
      }
    },
    {
      "type": "Feature",
      "geometry": {
        "type": "LineString",
        "coordinates": [
          [
            -6.0120923,
            37.3784883
          ],
          [
            -6.0116377,
            37.3788955
          ],
          [
            -6.0116224,
            37.3791893
          ],
          [
            -6.0115912,
            37.3796447
          ],
          [
            -6.0115623,
            37.3800934
          ],
          [
            -6.0115342,
            37.3805104
          ],
          [
            -6.011532,
            37.3805425
          ],
          [
            -6.0115024,
            37.3810552
          ]
        ]
      },
      "properties": {
        "name": "Calle Dolores León",
        "id": "55441119",
        "wikipedia_link": "https://es.wikipedia.org/wiki/Juana_María_de_los_Dolores_de_León_Smith",
        "gender": "female",
        "scale": 2,
        "category": "historica",
        "typeofroad": "residential"
      }
    },
    {
      "type": "Feature",
      "geometry": {
        "type": "LineString",
        "coordinates": [
          [
            -6.0124033,
            37.3810773
          ],
          [
            -6.0124289,
            37.3805809
          ],
          [
            -6.0124594,
            37.3803075
          ],
          [
            -6.0124765,
            37.3801308
          ],
          [
            -6.0124866,
            37.3798956
          ],
          [
            -6.0124894,
            37.3798304
          ]
        ]
      },
      "properties": {
        "name": "Calle Regla León",
        "id": "55441120",
        "wikipedia_link": "https://es.wikipedia.org/wiki/Regla_general_de_Leibniz",
        "gender": "female",
        "scale": 2,
        "category": "historica",
        "typeofroad": "residential"
      }
    },
    {
      "type": "Feature",
      "geometry": {
        "type": "LineString",
        "coordinates": [
          [
            -6.0138842,
            37.3802064
          ],
          [
            -6.0138039,
            37.3802023
          ],
          [
            -6.0132573,
            37.3801747
          ],
          [
            -6.0124765,
            37.3801308
          ],
          [
            -6.0115623,
            37.3800934
          ]
        ]
      },
      "properties": {
        "name": "Calle Regla Sanz",
        "id": "55441126",
        "wikipedia_link": "https://es.wikipedia.org/wiki/Regla_Manjón",
        "gender": "female",
        "scale": 2,
        "category": "historica",
        "typeofroad": "residential"
      }
    },
    {
      "type": "Feature",
      "geometry": {
        "type": "LineString",
        "coordinates": [
          [
            -6.0103503,
            37.3795999
          ],
          [
            -6.0103159,
            37.3799207
          ],
          [
            -6.0103028,
            37.3801625
          ],
          [
            -6.0102852,
            37.3804933
          ],
          [
            -6.0102506,
            37.3809827
          ],
          [
            -6.0102437,
            37.3810799
          ]
        ]
      },
      "properties": {
        "name": "Calle Nuestra Señora de la Salud",
        "id": "55441129",
        "wikipedia_link": "https://es.wikipedia.org/wiki/Nuestra_Señora_de_la_Salud",
        "gender": "female",
        "scale": 2,
        "category": "religiosa",
        "typeofroad": "residential"
      }
    },
    {
      "type": "Feature",
      "geometry": {
        "type": "LineString",
        "coordinates": [
          [
            -5.9837426,
            37.3747547
          ],
          [
            -5.9839348,
            37.3742127
          ],
          [
            -5.9839401,
            37.3741564
          ]
        ]
      },
      "properties": {
        "name": "Calle Santa Rosa",
        "id": "55495096",
        "wikipedia_link": "https://es.wikipedia.org/wiki/Santa_Rosa",
        "gender": "female",
        "scale": 2,
        "category": "santa",
        "typeofroad": "residential"
      }
    },
    {
      "type": "Feature",
      "geometry": {
        "type": "LineString",
        "coordinates": [
          [
            -5.9403496,
            37.3807305
          ],
          [
            -5.9396341,
            37.3817811
          ]
        ]
      },
      "properties": {
        "name": "Calle Santa Olalla",
        "id": "55848491",
        "wikipedia_link": "https://es.wikipedia.org/wiki/Santa_Olalla",
        "gender": "female",
        "scale": 2,
        "category": "santa",
        "typeofroad": "residential"
      }
    },
    {
      "type": "Feature",
      "geometry": {
        "type": "LineString",
        "coordinates": [
          [
            -5.9134418,
            37.384127
          ],
          [
            -5.9135615,
            37.3838535
          ],
          [
            -5.9138211,
            37.383289
          ]
        ]
      },
      "properties": {
        "name": "Calle Virgen de la Soledad",
        "id": "56048715",
        "wikipedia_link": "https://es.wikipedia.org/wiki/Virgen_de_la_Soledad",
        "gender": "female",
        "scale": 2,
        "category": "religiosa",
        "typeofroad": "residential"
      }
    },
    {
      "type": "Feature",
      "geometry": {
        "type": "LineString",
        "coordinates": [
          [
            -5.9131085,
            37.3819165
          ],
          [
            -5.9130022,
            37.3821452
          ],
          [
            -5.912974,
            37.3822154
          ],
          [
            -5.9124693,
            37.3833366
          ],
          [
            -5.9122652,
            37.3837902
          ]
        ]
      },
      "properties": {
        "name": "Calle Virgen del Dulce Nombre",
        "id": "56048719",
        "wikipedia_link": "",
        "gender": "female",
        "scale": 2,
        "category": "religiosa",
        "typeofroad": "residential"
      }
    },
    {
      "type": "Feature",
      "geometry": {
        "type": "LineString",
        "coordinates": [
          [
            -5.917683,
            37.3840455
          ],
          [
            -5.917607,
            37.3847468
          ],
          [
            -5.9175057,
            37.3856702
          ]
        ]
      },
      "properties": {
        "name": "Calle Virgen del Silencio",
        "id": "56048736",
        "wikipedia_link": "",
        "gender": "female",
        "scale": 2,
        "category": "religiosa",
        "typeofroad": "residential"
      }
    },
    {
      "type": "Feature",
      "geometry": {
        "type": "LineString",
        "coordinates": [
          [
            -5.9117829,
            37.3818207
          ],
          [
            -5.9121948,
            37.3819272
          ],
          [
            -5.9125981,
            37.3820307
          ],
          [
            -5.9130022,
            37.3821452
          ]
        ]
      },
      "properties": {
        "name": "Calle Virgen de las Angustias",
        "id": "56048740",
        "wikipedia_link": "",
        "gender": "female",
        "scale": 2,
        "category": "religiosa",
        "typeofroad": "residential"
      }
    },
    {
      "type": "Feature",
      "geometry": {
        "type": "LineString",
        "coordinates": [
          [
            -5.9142831,
            37.3848322
          ],
          [
            -5.9147075,
            37.3848512
          ],
          [
            -5.9151214,
            37.3848574
          ]
        ]
      },
      "properties": {
        "name": "Calle Virgen de la Capilla",
        "id": "56048746",
        "wikipedia_link": "",
        "gender": "female",
        "scale": 2,
        "category": "religiosa",
        "typeofroad": "residential"
      }
    },
    {
      "type": "Feature",
      "geometry": {
        "type": "LineString",
        "coordinates": [
          [
            -5.9457948,
            37.3752192
          ],
          [
            -5.9464289,
            37.3757394
          ],
          [
            -5.9474005,
            37.3765132
          ],
          [
            -5.9470007,
            37.3768157
          ]
        ]
      },
      "properties": {
        "name": "Calle Eva Cervantes",
        "id": "58729646",
        "wikipedia_link": "",
        "gender": "female",
        "scale": 2,
        "category": "historica",
        "typeofroad": "residential"
      }
    },
    {
      "type": "Feature",
      "geometry": {
        "type": "LineString",
        "coordinates": [
          [
            -5.9515211,
            37.3711826
          ],
          [
            -5.9509578,
            37.3716066
          ],
          [
            -5.9503306,
            37.3720695
          ],
          [
            -5.950035,
            37.3723045
          ],
          [
            -5.9497242,
            37.3725374
          ],
          [
            -5.9490483,
            37.3730437
          ]
        ]
      },
      "properties": {
        "name": "Calle Virgen de Lourdes",
        "id": "58729652",
        "wikipedia_link": "",
        "gender": "female",
        "scale": 2,
        "category": "religiosa",
        "typeofroad": "residential"
      }
    },
    {
      "type": "Feature",
      "geometry": {
        "type": "LineString",
        "coordinates": [
          [
            -5.9503399,
            37.3730762
          ],
          [
            -5.9500122,
            37.3727893
          ],
          [
            -5.9497242,
            37.3725374
          ],
          [
            -5.9493703,
            37.372234
          ]
        ]
      },
      "properties": {
        "name": "Calle Gabriela Mistral",
        "id": "58729655",
        "wikipedia_link": "https://es.wikipedia.org/wiki/Gabriela_Mistral",
        "gender": "female",
        "scale": 2,
        "category": "escritora",
        "typeofroad": "residential"
      }
    },
    {
      "type": "Feature",
      "geometry": {
        "type": "LineString",
        "coordinates": [
          [
            -5.9485755,
            37.3728482
          ],
          [
            -5.948962,
            37.3738349
          ]
        ]
      },
      "properties": {
        "name": "Calle Emilia Pardo Bazán",
        "id": "58729670",
        "wikipedia_link": "https://es.wikipedia.org/wiki/Emilia_Pardo_Bazán",
        "gender": "female",
        "scale": 2,
        "category": "escritora",
        "typeofroad": "residential"
      }
    },
    {
      "type": "Feature",
      "geometry": {
        "type": "LineString",
        "coordinates": [
          [
            -5.9567665,
            37.376396
          ],
          [
            -5.9566562,
            37.3769004
          ]
        ]
      },
      "properties": {
        "name": "Calle Virgen de la Caridad",
        "id": "58789606",
        "wikipedia_link": "",
        "gender": "female",
        "scale": 2,
        "category": "religiosa",
        "typeofroad": "residential"
      }
    },
    {
      "type": "Feature",
      "geometry": {
        "type": "LineString",
        "coordinates": [
          [
            -5.9567777,
            37.3786859
          ],
          [
            -5.9564762,
            37.3781321
          ]
        ]
      },
      "properties": {
        "name": "Calle Ana de Jesús",
        "id": "58789607",
        "wikipedia_link": "https://es.wikipedia.org/wiki/Ana_de_Jesús",
        "gender": "female",
        "scale": 2,
        "category": "religiosa",
        "typeofroad": "residential"
      }
    },
    {
      "type": "Feature",
      "geometry": {
        "type": "LineString",
        "coordinates": [
          [
            -5.9558181,
            37.3762407
          ],
          [
            -5.9557027,
            37.376822
          ]
        ]
      },
      "properties": {
        "name": "Calle Isabel de Jesús",
        "id": "58789615",
        "wikipedia_link": "",
        "gender": "female",
        "scale": 2,
        "category": "religiosa",
        "typeofroad": "residential"
      }
    },
    {
      "type": "Feature",
      "geometry": {
        "type": "LineString",
        "coordinates": [
          [
            -5.95615,
            37.3762951
          ],
          [
            -5.9560524,
            37.3768507
          ]
        ]
      },
      "properties": {
        "name": "Calle Ana de San Bartolomé",
        "id": "58789617",
        "wikipedia_link": "https://es.wikipedia.org/wiki/Ana_de_San_Bartolomé",
        "gender": "female",
        "scale": 2,
        "category": "santa",
        "typeofroad": "residential"
      }
    },
    {
      "type": "Feature",
      "geometry": {
        "type": "LineString",
        "coordinates": [
          [
            -6.0009794,
            37.3824222
          ],
          [
            -6.0008978,
            37.3824795
          ],
          [
            -6.0008173,
            37.3825387
          ],
          [
            -6.0007578,
            37.3825838
          ],
          [
            -6.0008793,
            37.3827228
          ],
          [
            -6.0008991,
            37.3827056
          ],
          [
            -6.0009543,
            37.382655
          ],
          [
            -6.0010178,
            37.3825968
          ],
          [
            -6.0010828,
            37.3825369
          ],
          [
            -6.0009794,
            37.3824222
          ]
        ]
      },
      "properties": {
        "name": "Plazuela de Santa Ana",
        "id": "58963753",
        "wikipedia_link": "",
        "gender": "female",
        "scale": 2,
        "category": "santa",
        "typeofroad": "pedestrian"
      }
    },
    {
      "type": "Feature",
      "geometry": {
        "type": "LineString",
        "coordinates": [
          [
            -5.9737026,
            37.4148432
          ],
          [
            -5.9737081,
            37.4147446
          ],
          [
            -5.9737404,
            37.4146562
          ],
          [
            -5.9737618,
            37.4146313
          ],
          [
            -5.9737697,
            37.4146227
          ],
          [
            -5.9737775,
            37.4146119
          ],
          [
            -5.973839,
            37.4145572
          ],
          [
            -5.9738794,
            37.4145388
          ],
          [
            -5.9739376,
            37.4145411
          ],
          [
            -5.974037,
            37.4145719
          ],
          [
            -5.9745183,
            37.414732
          ],
          [
            -5.9751282,
            37.4149349
          ],
          [
            -5.9751698,
            37.4149496
          ]
        ]
      },
      "properties": {
        "name": "Calle Victoria Kent",
        "id": "58989888",
        "wikipedia_link": "https://es.wikipedia.org/wiki/Victoria_Kent",
        "gender": "female",
        "scale": 2,
        "category": "politica",
        "typeofroad": "residential"
      }
    },
    {
      "type": "Feature",
      "geometry": {
        "type": "LineString",
        "coordinates": [
          [
            -5.966908,
            37.4117107
          ],
          [
            -5.9669117,
            37.411807
          ],
          [
            -5.9668938,
            37.4119123
          ]
        ]
      },
      "properties": {
        "name": "Avenida de la Mujer Trabajadora",
        "id": "34760698",
        "wikipedia_link": "",
        "gender": "female",
        "scale": 2,
        "category": "historica",
        "typeofroad": "tertiary"
      }
    },
    {
      "type": "Feature",
      "geometry": {
        "type": "LineString",
        "coordinates": [
          [
            -5.9668938,
            37.4119123
          ],
          [
            -5.9668743,
            37.4119286
          ],
          [
            -5.9663667,
            37.412351
          ],
          [
            -5.9661836,
            37.4125614
          ],
          [
            -5.9656606,
            37.4132692
          ]
        ]
      },
      "properties": {
        "name": "Avenida de la Mujer Trabajadora",
        "id": "34760698",
        "wikipedia_link": "",
        "gender": "female",
        "scale": 2,
        "category": "historica",
        "typeofroad": "tertiary"
      }
    },
    {
      "type": "Feature",
      "geometry": {
        "type": "LineString",
        "coordinates": [
          [
            -5.9767004,
            37.3848522
          ],
          [
            -5.9771521,
            37.3837229
          ],
          [
            -5.9771566,
            37.383711
          ],
          [
            -5.9771963,
            37.3836025
          ]
        ]
      },
      "properties": {
        "name": "Calle Virgen de Valvanera",
        "id": "35784941",
        "wikipedia_link": "",
        "gender": "female",
        "scale": 2,
        "category": "religiosa",
        "typeofroad": "residential"
      }
    },
    {
      "type": "Feature",
      "geometry": {
        "type": "LineString",
        "coordinates": [
          [
            -5.9580358,
            37.402111
          ],
          [
            -5.9579678,
            37.4020885
          ],
          [
            -5.9578062,
            37.4020351
          ],
          [
            -5.9575369,
            37.4019461
          ],
          [
            -5.9572456,
            37.4018498
          ],
          [
            -5.9569168,
            37.4017411
          ],
          [
            -5.9566106,
            37.4016399
          ],
          [
            -5.9563137,
            37.4015417
          ]
        ]
      },
      "properties": {
        "name": "Calle Elisa Ruiz Romero",
        "id": "60045896",
        "wikipedia_link": "",
        "gender": "female",
        "scale": 2,
        "category": "historica",
        "typeofroad": "residential"
      }
    },
    {
      "type": "Feature",
      "geometry": {
        "type": "LineString",
        "coordinates": [
          [
            -5.9577827,
            37.4026719
          ],
          [
            -5.9578041,
            37.4026255
          ],
          [
            -5.957971,
            37.4022825
          ],
          [
            -5.9580358,
            37.402111
          ],
          [
            -5.9584661,
            37.401239
          ],
          [
            -5.9585932,
            37.4012802
          ]
        ]
      },
      "properties": {
        "name": "Calle Mery Martin",
        "id": "60045922",
        "wikipedia_link": "https://es.wikipedia.org/wiki/Mary_Martin",
        "gender": "female",
        "scale": 2,
        "category": "historica",
        "typeofroad": "residential"
      }
    },
    {
      "type": "Feature",
      "geometry": {
        "type": "LineString",
        "coordinates": [
          [
            -5.9569091,
            37.3983327
          ],
          [
            -5.9567641,
            37.3983461
          ],
          [
            -5.956342,
            37.3983848
          ]
        ]
      },
      "properties": {
        "name": "Plaza Mikaela Rodríguez Cuesta",
        "id": "60045927",
        "wikipedia_link": "",
        "gender": "female",
        "scale": 2,
        "category": "historica",
        "typeofroad": "residential"
      }
    },
    {
      "type": "Feature",
      "geometry": {
        "type": "LineString",
        "coordinates": [
          [
            -5.9564276,
            37.3989302
          ],
          [
            -5.9568492,
            37.3988985
          ],
          [
            -5.9568186,
            37.3987086
          ],
          [
            -5.9567641,
            37.3983461
          ]
        ]
      },
      "properties": {
        "name": "Plaza Mikaela Rodríguez Cuesta",
        "id": "60045927",
        "wikipedia_link": "",
        "gender": "female",
        "scale": 2,
        "category": "historica",
        "typeofroad": "residential"
      }
    },
    {
      "type": "Feature",
      "geometry": {
        "type": "LineString",
        "coordinates": [
          [
            -6.0136569,
            37.3833335
          ],
          [
            -6.0135822,
            37.3833281
          ],
          [
            -6.013464,
            37.3833355
          ],
          [
            -6.0133845,
            37.3833194
          ],
          [
            -6.0133041,
            37.3832794
          ],
          [
            -6.0127808,
            37.3826889
          ]
        ]
      },
      "properties": {
        "name": "Calle Virgen de las Torres",
        "id": "64488233",
        "wikipedia_link": "",
        "gender": "female",
        "scale": 2,
        "category": "religiosa",
        "typeofroad": "residential"
      }
    },
    {
      "type": "Feature",
      "geometry": {
        "type": "LineString",
        "coordinates": [
          [
            -6.0125307,
            37.3792286
          ],
          [
            -6.0125158,
            37.3794584
          ]
        ]
      },
      "properties": {
        "name": "Calle Regla León",
        "id": "55441120",
        "wikipedia_link": "https://es.wikipedia.org/wiki/Regla_general_de_Leibniz",
        "gender": "female",
        "scale": 2,
        "category": "historica",
        "typeofroad": "residential"
      }
    },
    {
      "type": "Feature",
      "geometry": {
        "type": "LineString",
        "coordinates": [
          [
            -6.0115912,
            37.3796447
          ],
          [
            -6.0116489,
            37.3796458
          ],
          [
            -6.0121875,
            37.379666
          ],
          [
            -6.0122339,
            37.3796695
          ],
          [
            -6.0122485,
            37.3796706
          ],
          [
            -6.0122753,
            37.3796758
          ],
          [
            -6.0122978,
            37.3796836
          ],
          [
            -6.0123844,
            37.3797905
          ],
          [
            -6.0124519,
            37.379824
          ],
          [
            -6.0124894,
            37.3798304
          ],
          [
            -6.0125347,
            37.379825
          ],
          [
            -6.012598,
            37.3797975
          ],
          [
            -6.0126931,
            37.3797142
          ],
          [
            -6.0127374,
            37.3796999
          ],
          [
            -6.012759,
            37.3796964
          ],
          [
            -6.012778,
            37.3796962
          ],
          [
            -6.013291,
            37.3797168
          ],
          [
            -6.0138356,
            37.3797454
          ],
          [
            -6.0139191,
            37.3797485
          ]
        ]
      },
      "properties": {
        "name": "Calle María Ortiz",
        "id": "64502075",
        "wikipedia_link": "https://es.wikipedia.org/wiki/Maria_Ortiz",
        "gender": "female",
        "scale": 2,
        "category": "historica",
        "typeofroad": "residential"
      }
    },
    {
      "type": "Feature",
      "geometry": {
        "type": "LineString",
        "coordinates": [
          [
            -6.0104616,
            37.3682017
          ],
          [
            -6.0103372,
            37.3687114
          ],
          [
            -6.010216,
            37.3692099
          ]
        ]
      },
      "properties": {
        "name": "Calle Julia Rómula Híspalis",
        "id": "64992417",
        "wikipedia_link": "",
        "gender": "female",
        "scale": 2,
        "category": "historica",
        "typeofroad": "residential"
      }
    },
    {
      "type": "Feature",
      "geometry": {
        "type": "LineString",
        "coordinates": [
          [
            -5.9780033,
            37.3492844
          ],
          [
            -5.9796668,
            37.3490247
          ],
          [
            -5.980828,
            37.3488596
          ],
          [
            -5.9811971,
            37.3488026
          ],
          [
            -5.9819369,
            37.3486867
          ],
          [
            -5.9823733,
            37.3486184
          ],
          [
            -5.9831016,
            37.3485118
          ],
          [
            -5.9836404,
            37.3484322
          ],
          [
            -5.9837497,
            37.3483979
          ]
        ]
      },
      "properties": {
        "name": "Avenida Virgen de la Esperanza",
        "id": "65629646",
        "wikipedia_link": "https://es.wikipedia.org/wiki/Virgen_de_la_Esperanza",
        "gender": "female",
        "scale": 2,
        "category": "religiosa",
        "typeofroad": "residential"
      }
    },
    {
      "type": "Feature",
      "geometry": {
        "type": "LineString",
        "coordinates": [
          [
            -5.9647734,
            37.418199
          ],
          [
            -5.9652646,
            37.418354
          ],
          [
            -5.9655333,
            37.4184388
          ]
        ]
      },
      "properties": {
        "name": "Calle Nuestra Señora de Consolación",
        "id": "66098008",
        "wikipedia_link": "https://es.wikipedia.org/wiki/Nuestra_Señora_de_Consolación",
        "gender": "female",
        "scale": 2,
        "category": "religiosa",
        "typeofroad": "residential"
      }
    },
    {
      "type": "Feature",
      "geometry": {
        "type": "LineString",
        "coordinates": [
          [
            -5.9643089,
            37.4184088
          ],
          [
            -5.9650432,
            37.4186504
          ],
          [
            -5.9663949,
            37.4190972
          ],
          [
            -5.966435,
            37.4191083
          ],
          [
            -5.9665123,
            37.4191337
          ],
          [
            -5.9666113,
            37.4191663
          ],
          [
            -5.9674197,
            37.4194323
          ],
          [
            -5.9681899,
            37.4196857
          ]
        ]
      },
      "properties": {
        "name": "Travesía de Nuestra Señora de la Consolación",
        "id": "66098510",
        "wikipedia_link": "",
        "gender": "female",
        "scale": 2,
        "category": "religiosa",
        "typeofroad": "pedestrian"
      }
    },
    {
      "type": "Feature",
      "geometry": {
        "type": "LineString",
        "coordinates": [
          [
            -5.9750784,
            37.4117657
          ],
          [
            -5.9751056,
            37.4117101
          ],
          [
            -5.9753456,
            37.4112198
          ],
          [
            -5.9753651,
            37.41118
          ],
          [
            -5.97558,
            37.4107736
          ],
          [
            -5.975599,
            37.4107345
          ],
          [
            -5.9757017,
            37.4105295
          ],
          [
            -5.9757431,
            37.4104385
          ],
          [
            -5.9759242,
            37.410058
          ]
        ]
      },
      "properties": {
        "name": "Calle Concha Caballero Cubillo",
        "id": "66337513",
        "wikipedia_link": "https://es.wikipedia.org/wiki/Concha_Caballero_Cubillo",
        "gender": "female",
        "scale": 2,
        "category": "politica",
        "typeofroad": "residential"
      }
    },
    {
      "type": "Feature",
      "geometry": {
        "type": "LineString",
        "coordinates": [
          [
            -5.9757017,
            37.4105295
          ],
          [
            -5.9755888,
            37.4104979
          ],
          [
            -5.9750924,
            37.410359
          ],
          [
            -5.9746252,
            37.4102282
          ],
          [
            -5.9745174,
            37.4102005
          ]
        ]
      },
      "properties": {
        "name": "Calle Clara Jaime Melero",
        "id": "66337522",
        "wikipedia_link": "",
        "gender": "female",
        "scale": 2,
        "category": "historica",
        "typeofroad": "residential"
      }
    },
    {
      "type": "Feature",
      "geometry": {
        "type": "LineString",
        "coordinates": [
          [
            -5.9802318,
            37.4073607
          ],
          [
            -5.9806038,
            37.4073421
          ],
          [
            -5.9806348,
            37.4073406
          ],
          [
            -5.9807572,
            37.4073344
          ]
        ]
      },
      "properties": {
        "name": "Calle Sor Francisca Dorotea",
        "id": "27879609",
        "wikipedia_link": "",
        "gender": "female",
        "scale": 2,
        "category": "religiosa",
        "typeofroad": "primary"
      }
    },
    {
      "type": "Feature",
      "geometry": {
        "type": "LineString",
        "coordinates": [
          [
            -5.979173,
            37.4141192
          ],
          [
            -5.9790145,
            37.4137397
          ],
          [
            -5.9786738,
            37.4129239
          ],
          [
            -5.9784815,
            37.4124636
          ]
        ]
      },
      "properties": {
        "name": "Calle Virgen de Escardiel",
        "id": "67182680",
        "wikipedia_link": "",
        "gender": "female",
        "scale": 2,
        "category": "religiosa",
        "typeofroad": "residential"
      }
    },
    {
      "type": "Feature",
      "geometry": {
        "type": "LineString",
        "coordinates": [
          [
            -5.9798119,
            37.4134373
          ],
          [
            -5.9804322,
            37.4132675
          ]
        ]
      },
      "properties": {
        "name": "Calle Carmen Díaz",
        "id": "67182688",
        "wikipedia_link": "",
        "gender": "female",
        "scale": 2,
        "category": "historica",
        "typeofroad": "residential"
      }
    },
    {
      "type": "Feature",
      "geometry": {
        "type": "LineString",
        "coordinates": [
          [
            -5.9819127,
            37.4104248
          ],
          [
            -5.9812928,
            37.4103646
          ]
        ]
      },
      "properties": {
        "name": "Calle Niña de la Alfalfa",
        "id": "67239923",
        "wikipedia_link": "",
        "gender": "female",
        "scale": 2,
        "category": "artista",
        "typeofroad": "pedestrian"
      }
    },
    {
      "type": "Feature",
      "geometry": {
        "type": "LineString",
        "coordinates": [
          [
            -5.9859001,
            37.4129742
          ],
          [
            -5.9861298,
            37.4125956
          ],
          [
            -5.9860218,
            37.4124492
          ],
          [
            -5.9859696,
            37.4124156
          ],
          [
            -5.9859098,
            37.4124408
          ]
        ]
      },
      "properties": {
        "name": "Plaza Rosa de Pasión",
        "id": "67375756",
        "wikipedia_link": "",
        "gender": "female",
        "scale": 2,
        "category": "religiosa",
        "typeofroad": "residential"
      }
    },
    {
      "type": "Feature",
      "geometry": {
        "type": "LineString",
        "coordinates": [
          [
            -5.9859098,
            37.4124408
          ],
          [
            -5.9857918,
            37.412437
          ],
          [
            -5.9856765,
            37.4124338
          ],
          [
            -5.985654,
            37.4127548
          ],
          [
            -5.9858419,
            37.4127693
          ]
        ]
      },
      "properties": {
        "name": "Plaza Rosa de Pasión",
        "id": "67375756",
        "wikipedia_link": "",
        "gender": "female",
        "scale": 2,
        "category": "religiosa",
        "typeofroad": "residential"
      }
    },
    {
      "type": "Feature",
      "geometry": {
        "type": "LineString",
        "coordinates": [
          [
            -5.9884922,
            37.3850716
          ],
          [
            -5.988459,
            37.3850847
          ],
          [
            -5.9883511,
            37.3851271
          ],
          [
            -5.9883214,
            37.3851388
          ],
          [
            -5.988281,
            37.3851741
          ],
          [
            -5.988279,
            37.3851892
          ],
          [
            -5.9882766,
            37.3852074
          ],
          [
            -5.9882991,
            37.3852509
          ],
          [
            -5.9883349,
            37.3852935
          ],
          [
            -5.9883546,
            37.3852987
          ],
          [
            -5.9883668,
            37.3853019
          ],
          [
            -5.9883995,
            37.3853105
          ],
          [
            -5.9884513,
            37.3852926
          ],
          [
            -5.9885617,
            37.3852544
          ],
          [
            -5.9885971,
            37.3852422
          ],
          [
            -5.9886285,
            37.3852114
          ],
          [
            -5.9886318,
            37.385194
          ],
          [
            -5.9886353,
            37.3851756
          ],
          [
            -5.9886095,
            37.3851322
          ],
          [
            -5.9885854,
            37.3850917
          ],
          [
            -5.9885496,
            37.3850771
          ],
          [
            -5.9884922,
            37.3850716
          ]
        ]
      },
      "properties": {
        "name": "Plaza de Santa Cruz",
        "id": "67377793",
        "wikipedia_link": "",
        "gender": "female",
        "scale": 2,
        "category": "santa",
        "typeofroad": "living_street"
      }
    },
    {
      "type": "Feature",
      "geometry": {
        "type": "LineString",
        "coordinates": [
          [
            -5.9893462,
            37.387178
          ],
          [
            -5.9895379,
            37.3874515
          ],
          [
            -5.9895596,
            37.3874982
          ]
        ]
      },
      "properties": {
        "name": "Calle Fabiola",
        "id": "19790070",
        "wikipedia_link": "https://es.wikipedia.org/wiki/Fabiola",
        "gender": "female",
        "scale": 2,
        "category": "santa",
        "typeofroad": "living_street"
      }
    },
    {
      "type": "Feature",
      "geometry": {
        "type": "LineString",
        "coordinates": [
          [
            -5.9898985,
            37.3845367
          ],
          [
            -5.9901223,
            37.3844082
          ],
          [
            -5.9901514,
            37.3843915
          ]
        ]
      },
      "properties": {
        "name": "Calle Susona",
        "id": "28112625",
        "wikipedia_link": "https://es.wikipedia.org/wiki/Susona_de_Susón",
        "gender": "female",
        "scale": 2,
        "category": "historica",
        "typeofroad": "pedestrian"
      }
    },
    {
      "type": "Feature",
      "geometry": {
        "type": "LineString",
        "coordinates": [
          [
            -5.988742,
            37.3867656
          ],
          [
            -5.9889425,
            37.3865879
          ]
        ]
      },
      "properties": {
        "name": "Calle Fabiola",
        "id": "19790070",
        "wikipedia_link": "https://es.wikipedia.org/wiki/Fabiola",
        "gender": "female",
        "scale": 2,
        "category": "santa",
        "typeofroad": "living_street"
      }
    },
    {
      "type": "Feature",
      "geometry": {
        "type": "LineString",
        "coordinates": [
          [
            -5.987315,
            37.3855048
          ],
          [
            -5.9872648,
            37.3854523
          ],
          [
            -5.9871034,
            37.3853974
          ],
          [
            -5.9868614,
            37.3853152
          ],
          [
            -5.9865169,
            37.3851981
          ],
          [
            -5.9865001,
            37.3851923
          ],
          [
            -5.9864894,
            37.3851887
          ],
          [
            -5.9863625,
            37.3851429
          ]
        ]
      },
      "properties": {
        "name": "Paseo Catalina de Ribera",
        "id": "67377872",
        "wikipedia_link": "https://es.wikipedia.org/wiki/Catalina_de_Ribera",
        "gender": "female",
        "scale": 2,
        "category": "historica",
        "typeofroad": "living_street"
      }
    },
    {
      "type": "Feature",
      "geometry": {
        "type": "LineString",
        "coordinates": [
          [
            -5.9806096,
            37.4071935
          ],
          [
            -5.9806009,
            37.407078
          ],
          [
            -5.9805814,
            37.4068968
          ],
          [
            -5.9805739,
            37.4067207
          ],
          [
            -5.9805588,
            37.4065219
          ],
          [
            -5.980545,
            37.4063386
          ],
          [
            -5.9805375,
            37.4062399
          ]
        ]
      },
      "properties": {
        "name": "Calle Virgen del Mayor Dolor",
        "id": "67398651",
        "wikipedia_link": "",
        "gender": "female",
        "scale": 2,
        "category": "religiosa",
        "typeofroad": "residential"
      }
    },
    {
      "type": "Feature",
      "geometry": {
        "type": "LineString",
        "coordinates": [
          [
            -5.9878344,
            37.39619
          ],
          [
            -5.9871016,
            37.3961668
          ]
        ]
      },
      "properties": {
        "name": "Calle Siete Dolores de Nuestra Señora",
        "id": "67462551",
        "wikipedia_link": "",
        "gender": "female",
        "scale": 2,
        "category": "religiosa",
        "typeofroad": "living_street"
      }
    },
    {
      "type": "Feature",
      "geometry": {
        "type": "LineString",
        "coordinates": [
          [
            -5.9919997,
            37.38314
          ],
          [
            -5.9920463,
            37.383125
          ],
          [
            -5.9921496,
            37.3831288
          ],
          [
            -5.9924488,
            37.3831575
          ],
          [
            -5.9928937,
            37.3831866
          ]
        ]
      },
      "properties": {
        "name": "Calle Mariana de Pineda",
        "id": "67624194",
        "wikipedia_link": "https://es.wikipedia.org/wiki/Mariana_de_Pineda",
        "gender": "female",
        "scale": 2,
        "category": "historica",
        "typeofroad": "living_street"
      }
    },
    {
      "type": "Feature",
      "geometry": {
        "type": "LineString",
        "coordinates": [
          [
            -5.9873839,
            37.3991875
          ],
          [
            -5.9873858,
            37.3991724
          ],
          [
            -5.9873911,
            37.3991318
          ]
        ]
      },
      "properties": {
        "name": "Calle Santa Marina",
        "id": "68692084",
        "wikipedia_link": "",
        "gender": "female",
        "scale": 2,
        "category": "santa",
        "typeofroad": "pedestrian"
      }
    },
    {
      "type": "Feature",
      "geometry": {
        "type": "LineString",
        "coordinates": [
          [
            -5.9873911,
            37.3991318
          ],
          [
            -5.9874052,
            37.3990599
          ]
        ]
      },
      "properties": {
        "name": "Calle Santa Marina",
        "id": "68692084",
        "wikipedia_link": "",
        "gender": "female",
        "scale": 2,
        "category": "santa",
        "typeofroad": "pedestrian"
      }
    },
    {
      "type": "Feature",
      "geometry": {
        "type": "LineString",
        "coordinates": [
          [
            -5.9874052,
            37.3990599
          ],
          [
            -5.9874312,
            37.3989377
          ],
          [
            -5.9874828,
            37.3988702
          ]
        ]
      },
      "properties": {
        "name": "Calle Santa Marina",
        "id": "68692084",
        "wikipedia_link": "",
        "gender": "female",
        "scale": 2,
        "category": "santa",
        "typeofroad": "pedestrian"
      }
    },
    {
      "type": "Feature",
      "geometry": {
        "type": "LineString",
        "coordinates": [
          [
            -5.9722782,
            37.4035589
          ],
          [
            -5.9717707,
            37.4032967
          ]
        ]
      },
      "properties": {
        "name": "Calle Santa Maria del Mar",
        "id": "69736127",
        "wikipedia_link": "",
        "gender": "female",
        "scale": 2,
        "category": "santa",
        "typeofroad": "residential"
      }
    },
    {
      "type": "Feature",
      "geometry": {
        "type": "LineString",
        "coordinates": [
          [
            -5.972495,
            37.4034923
          ],
          [
            -5.9725549,
            37.4035242
          ],
          [
            -5.9730234,
            37.4037739
          ]
        ]
      },
      "properties": {
        "name": "Calle Santa Maria del Reposo",
        "id": "69736128",
        "wikipedia_link": "",
        "gender": "female",
        "scale": 2,
        "category": "santa",
        "typeofroad": "residential"
      }
    },
    {
      "type": "Feature",
      "geometry": {
        "type": "LineString",
        "coordinates": [
          [
            -5.9696068,
            37.3985555
          ],
          [
            -5.9701853,
            37.3995826
          ],
          [
            -5.9702381,
            37.3996674
          ]
        ]
      },
      "properties": {
        "name": "Calle Carmen Martínez Sancho",
        "id": "69856380",
        "wikipedia_link": "",
        "gender": "female",
        "scale": 2,
        "category": "historica",
        "typeofroad": "residential"
      }
    },
    {
      "type": "Feature",
      "geometry": {
        "type": "LineString",
        "coordinates": [
          [
            -5.9703547,
            37.4067231
          ],
          [
            -5.9706193,
            37.4069295
          ],
          [
            -5.970894,
            37.4071438
          ]
        ]
      },
      "properties": {
        "name": "Calle Rafi Herencia",
        "id": "69872717",
        "wikipedia_link": "",
        "gender": "female",
        "scale": 2,
        "category": "historica",
        "typeofroad": "residential"
      }
    },
    {
      "type": "Feature",
      "geometry": {
        "type": "LineString",
        "coordinates": [
          [
            -5.9818027,
            37.396776
          ],
          [
            -5.9819006,
            37.3968325
          ],
          [
            -5.9819217,
            37.3968455
          ],
          [
            -5.982237,
            37.3970402
          ]
        ]
      },
      "properties": {
        "name": "Calle Madre Isabel de la Trinidad",
        "id": "69890773",
        "wikipedia_link": "",
        "gender": "female",
        "scale": 2,
        "category": "religiosa",
        "typeofroad": "residential"
      }
    },
    {
      "type": "Feature",
      "geometry": {
        "type": "LineString",
        "coordinates": [
          [
            -5.9951469,
            37.4037982
          ],
          [
            -5.995294,
            37.4038151
          ],
          [
            -5.9955113,
            37.4038403
          ]
        ]
      },
      "properties": {
        "name": "Plaza Duquesa Cayetana de Alba",
        "id": "19746878",
        "wikipedia_link": "https://es.wikipedia.org/wiki/Cayetana_Fitz-James_Stuart",
        "gender": "female",
        "scale": 2,
        "category": "historica",
        "typeofroad": "primary"
      }
    },
    {
      "type": "Feature",
      "geometry": {
        "type": "LineString",
        "coordinates": [
          [
            -5.9955362,
            37.4032989
          ],
          [
            -5.9953562,
            37.4034662
          ],
          [
            -5.9952606,
            37.4035774
          ],
          [
            -5.9952246,
            37.4036213
          ],
          [
            -5.9951833,
            37.4036699
          ],
          [
            -5.9951719,
            37.4036826
          ]
        ]
      },
      "properties": {
        "name": "Plaza Duquesa Cayetana de Alba",
        "id": "19746878",
        "wikipedia_link": "https://es.wikipedia.org/wiki/Cayetana_Fitz-James_Stuart",
        "gender": "female",
        "scale": 2,
        "category": "historica",
        "typeofroad": "primary"
      }
    },
    {
      "type": "Feature",
      "geometry": {
        "type": "LineString",
        "coordinates": [
          [
            -5.9798435,
            37.3798973
          ],
          [
            -5.9799298,
            37.3798989
          ],
          [
            -5.9803175,
            37.3799008
          ],
          [
            -5.9803897,
            37.3798866
          ]
        ]
      },
      "properties": {
        "name": "Calle Clara Campoamor",
        "id": "36731279",
        "wikipedia_link": "https://es.wikipedia.org/wiki/Clara_Campoamor",
        "gender": "female",
        "scale": 2,
        "category": "politica",
        "typeofroad": "residential"
      }
    },
    {
      "type": "Feature",
      "geometry": {
        "type": "LineString",
        "coordinates": [
          [
            -6.0056144,
            37.3818438
          ],
          [
            -6.0056921,
            37.3819047
          ]
        ]
      },
      "properties": {
        "name": "Calle Jacinta Marto",
        "id": "70724551",
        "wikipedia_link": "https://es.wikipedia.org/wiki/Jacinta_Marto",
        "gender": "female",
        "scale": 2,
        "category": "santa",
        "typeofroad": "service"
      }
    },
    {
      "type": "Feature",
      "geometry": {
        "type": "LineString",
        "coordinates": [
          [
            -5.9970812,
            37.3794622
          ],
          [
            -5.997475,
            37.379313
          ],
          [
            -5.9976463,
            37.3793095
          ],
          [
            -5.9977269,
            37.3793072
          ],
          [
            -5.9977562,
            37.3793064
          ],
          [
            -5.9978196,
            37.3793046
          ],
          [
            -5.9980199,
            37.379333
          ],
          [
            -5.9981963,
            37.3793819
          ],
          [
            -5.9983716,
            37.379526
          ],
          [
            -5.9984101,
            37.3795715
          ],
          [
            -5.9984437,
            37.3796112
          ],
          [
            -5.9985027,
            37.3796669
          ]
        ]
      },
      "properties": {
        "name": "Pasaje Virgen de Consolación",
        "id": "70813703",
        "wikipedia_link": "",
        "gender": "female",
        "scale": 2,
        "category": "religiosa",
        "typeofroad": "living_street"
      }
    },
    {
      "type": "Feature",
      "geometry": {
        "type": "LineString",
        "coordinates": [
          [
            -5.9796157,
            37.3488045
          ],
          [
            -5.9787506,
            37.3489364
          ],
          [
            -5.9779489,
            37.3490561
          ],
          [
            -5.977612,
            37.349105
          ]
        ]
      },
      "properties": {
        "name": "Calle Nuestra Señora del Carmen",
        "id": "70838990",
        "wikipedia_link": "",
        "gender": "female",
        "scale": 2,
        "category": "religiosa",
        "typeofroad": "pedestrian"
      }
    },
    {
      "type": "Feature",
      "geometry": {
        "type": "LineString",
        "coordinates": [
          [
            -5.9779489,
            37.3490561
          ],
          [
            -5.9778764,
            37.3487593
          ]
        ]
      },
      "properties": {
        "name": "Calle Nuestra Señora de la Antigua",
        "id": "70838998",
        "wikipedia_link": "",
        "gender": "female",
        "scale": 2,
        "category": "religiosa",
        "typeofroad": "pedestrian"
      }
    },
    {
      "type": "Feature",
      "geometry": {
        "type": "LineString",
        "coordinates": [
          [
            -5.9787506,
            37.3489364
          ],
          [
            -5.9786877,
            37.3486354
          ]
        ]
      },
      "properties": {
        "name": "Calle Nuestra Señora de la Merced",
        "id": "70839003",
        "wikipedia_link": "",
        "gender": "female",
        "scale": 2,
        "category": "religiosa",
        "typeofroad": "pedestrian"
      }
    },
    {
      "type": "Feature",
      "geometry": {
        "type": "LineString",
        "coordinates": [
          [
            -5.977612,
            37.349105
          ],
          [
            -5.9775357,
            37.3488111
          ]
        ]
      },
      "properties": {
        "name": "Calle Nuestra Señora de los Reyes",
        "id": "70839008",
        "wikipedia_link": "",
        "gender": "female",
        "scale": 2,
        "category": "religiosa",
        "typeofroad": "pedestrian"
      }
    },
    {
      "type": "Feature",
      "geometry": {
        "type": "LineString",
        "coordinates": [
          [
            -5.9760998,
            37.3495067
          ],
          [
            -5.9756184,
            37.349583
          ],
          [
            -5.9755884,
            37.3495623
          ],
          [
            -5.9755184,
            37.3493079
          ],
          [
            -5.9755017,
            37.349293
          ],
          [
            -5.9753059,
            37.3493186
          ],
          [
            -5.9752842,
            37.3493055
          ]
        ]
      },
      "properties": {
        "name": "Calle María Galiana",
        "id": "70844076",
        "wikipedia_link": "https://es.wikipedia.org/wiki/María_Galiana",
        "gender": "female",
        "scale": 2,
        "category": "artista",
        "typeofroad": "residential"
      }
    },
    {
      "type": "Feature",
      "geometry": {
        "type": "LineString",
        "coordinates": [
          [
            -5.9739864,
            37.34778
          ],
          [
            -5.9738253,
            37.3474185
          ]
        ]
      },
      "properties": {
        "name": "Calle Zenobia Camprubí",
        "id": "70850299",
        "wikipedia_link": "https://es.wikipedia.org/wiki/Zenobia_Camprubí",
        "gender": "female",
        "scale": 2,
        "category": "escritora",
        "typeofroad": "residential"
      }
    },
    {
      "type": "Feature",
      "geometry": {
        "type": "LineString",
        "coordinates": [
          [
            -5.9751537,
            37.3486955
          ],
          [
            -5.9751466,
            37.3486621
          ],
          [
            -5.9750583,
            37.3482316
          ],
          [
            -5.9750318,
            37.3481026
          ],
          [
            -5.9750241,
            37.3480838
          ],
          [
            -5.9748491,
            37.3476546
          ],
          [
            -5.9746459,
            37.3471948
          ],
          [
            -5.9744262,
            37.3467276
          ]
        ]
      },
      "properties": {
        "name": "Calle María Galiana",
        "id": "70844076",
        "wikipedia_link": "https://es.wikipedia.org/wiki/María_Galiana",
        "gender": "female",
        "scale": 2,
        "category": "artista",
        "typeofroad": "residential"
      }
    },
    {
      "type": "Feature",
      "geometry": {
        "type": "LineString",
        "coordinates": [
          [
            -6.0089047,
            37.4062963
          ],
          [
            -6.0079327,
            37.4061356
          ],
          [
            -6.0071805,
            37.4060113
          ],
          [
            -6.0070641,
            37.4059912
          ],
          [
            -6.0068201,
            37.405942
          ],
          [
            -6.0067515,
            37.4059292
          ],
          [
            -6.0067122,
            37.4059239
          ],
          [
            -6.0055428,
            37.405724
          ],
          [
            -6.0046186,
            37.405566
          ],
          [
            -6.0038631,
            37.4054368
          ],
          [
            -6.0038161,
            37.4054378
          ],
          [
            -6.0037567,
            37.4054549
          ],
          [
            -6.0036977,
            37.4054812
          ],
          [
            -6.0036561,
            37.4055019
          ],
          [
            -6.0035324,
            37.4055601
          ],
          [
            -6.0034917,
            37.4055725
          ],
          [
            -6.0034419,
            37.4055752
          ],
          [
            -6.0034144,
            37.4055708
          ],
          [
            -6.003381,
            37.4055655
          ],
          [
            -6.0032524,
            37.4055429
          ]
        ]
      },
      "properties": {
        "name": "Calle Marie Curie",
        "id": "54725715",
        "wikipedia_link": "https://es.wikipedia.org/wiki/Marie_Curie",
        "gender": "female",
        "scale": 2,
        "category": "cientifica",
        "typeofroad": "residential"
      }
    },
    {
      "type": "Feature",
      "geometry": {
        "type": "LineString",
        "coordinates": [
          [
            -6.0032354,
            37.4056042
          ],
          [
            -6.0033647,
            37.405627
          ],
          [
            -6.0033948,
            37.4056335
          ],
          [
            -6.0034288,
            37.4056408
          ],
          [
            -6.0034698,
            37.4056618
          ],
          [
            -6.0035095,
            37.4056948
          ],
          [
            -6.0035878,
            37.4057762
          ],
          [
            -6.0036752,
            37.4058748
          ],
          [
            -6.0045067,
            37.4060215
          ],
          [
            -6.0065966,
            37.4063901
          ],
          [
            -6.006644,
            37.4063985
          ],
          [
            -6.0067053,
            37.4064097
          ],
          [
            -6.0069412,
            37.4064513
          ],
          [
            -6.0070488,
            37.40647
          ],
          [
            -6.0088508,
            37.4067884
          ]
        ]
      },
      "properties": {
        "name": "Calle Marie Curie",
        "id": "54725715",
        "wikipedia_link": "https://es.wikipedia.org/wiki/Marie_Curie",
        "gender": "female",
        "scale": 2,
        "category": "cientifica",
        "typeofroad": "residential"
      }
    },
    {
      "type": "Feature",
      "geometry": {
        "type": "LineString",
        "coordinates": [
          [
            -5.9685058,
            37.3940892
          ],
          [
            -5.9685557,
            37.3940045
          ],
          [
            -5.9687785,
            37.3935559
          ]
        ]
      },
      "properties": {
        "name": "Calle La Farruca",
        "id": "72140637",
        "wikipedia_link": "",
        "gender": "female",
        "scale": 2,
        "category": "artista",
        "typeofroad": "residential"
      }
    },
    {
      "type": "Feature",
      "geometry": {
        "type": "LineString",
        "coordinates": [
          [
            -5.9655275,
            37.3808566
          ],
          [
            -5.965592,
            37.3810278
          ],
          [
            -5.9656089,
            37.3810728
          ],
          [
            -5.9656647,
            37.3812225
          ]
        ]
      },
      "properties": {
        "name": "Calle Doña María de Molina",
        "id": "30186791",
        "wikipedia_link": "https://es.wikipedia.org/wiki/María_de_Molina",
        "gender": "female",
        "scale": 2,
        "category": "historica",
        "typeofroad": "residential"
      }
    },
    {
      "type": "Feature",
      "geometry": {
        "type": "LineString",
        "coordinates": [
          [
            -5.9674336,
            37.365566
          ],
          [
            -5.966308,
            37.3646259
          ]
        ]
      },
      "properties": {
        "name": "Calle Madre Admirable",
        "id": "73036989",
        "wikipedia_link": "",
        "gender": "female",
        "scale": 2,
        "category": "religiosa",
        "typeofroad": "pedestrian"
      }
    },
    {
      "type": "Feature",
      "geometry": {
        "type": "LineString",
        "coordinates": [
          [
            -5.9624559,
            37.3626819
          ],
          [
            -5.9614131,
            37.3617971
          ]
        ]
      },
      "properties": {
        "name": "Calle Dolores Ibarruri Pasionaria",
        "id": "73037011",
        "wikipedia_link": "https://es.wikipedia.org/wiki/Dolores_Ibárruri",
        "gender": "female",
        "scale": 2,
        "category": "politica",
        "typeofroad": "pedestrian"
      }
    },
    {
      "type": "Feature",
      "geometry": {
        "type": "LineString",
        "coordinates": [
          [
            -5.9676188,
            37.3653374
          ],
          [
            -5.9665425,
            37.3644431
          ]
        ]
      },
      "properties": {
        "name": "Calle Madre Inmaculada",
        "id": "73037021",
        "wikipedia_link": "",
        "gender": "female",
        "scale": 2,
        "category": "religiosa",
        "typeofroad": "pedestrian"
      }
    },
    {
      "type": "Feature",
      "geometry": {
        "type": "LineString",
        "coordinates": [
          [
            -5.9681195,
            37.3647198
          ],
          [
            -5.966835,
            37.3636703
          ]
        ]
      },
      "properties": {
        "name": "Calle Madre Castísima",
        "id": "73037052",
        "wikipedia_link": "",
        "gender": "female",
        "scale": 2,
        "category": "religiosa",
        "typeofroad": "residential"
      }
    },
    {
      "type": "Feature",
      "geometry": {
        "type": "LineString",
        "coordinates": [
          [
            -5.9653657,
            37.3659537
          ],
          [
            -5.9654663,
            37.3658756
          ],
          [
            -5.9661063,
            37.3653787
          ],
          [
            -5.9662121,
            37.3652965
          ]
        ]
      },
      "properties": {
        "name": "Calle Madre Amable",
        "id": "73037055",
        "wikipedia_link": "",
        "gender": "female",
        "scale": 2,
        "category": "religiosa",
        "typeofroad": "residential"
      }
    },
    {
      "type": "Feature",
      "geometry": {
        "type": "LineString",
        "coordinates": [
          [
            -5.9668227,
            37.3642245
          ],
          [
            -5.9665425,
            37.3644431
          ],
          [
            -5.9663809,
            37.3645691
          ],
          [
            -5.966308,
            37.3646259
          ]
        ]
      },
      "properties": {
        "name": "Calle Madre Admirable",
        "id": "73036989",
        "wikipedia_link": "",
        "gender": "female",
        "scale": 2,
        "category": "religiosa",
        "typeofroad": "pedestrian"
      }
    },
    {
      "type": "Feature",
      "geometry": {
        "type": "LineString",
        "coordinates": [
          [
            -5.9655172,
            37.3647357
          ],
          [
            -5.9656216,
            37.3646553
          ],
          [
            -5.965794,
            37.3645225
          ],
          [
            -5.9660673,
            37.3643119
          ],
          [
            -5.9663809,
            37.3645691
          ]
        ]
      },
      "properties": {
        "name": "Calle Madre del Salvador",
        "id": "73037111",
        "wikipedia_link": "",
        "gender": "female",
        "scale": 2,
        "category": "religiosa",
        "typeofroad": "residential"
      }
    },
    {
      "type": "Feature",
      "geometry": {
        "type": "LineString",
        "coordinates": [
          [
            -5.9741925,
            37.3628651
          ],
          [
            -5.9741178,
            37.3627405
          ],
          [
            -5.9741006,
            37.362692
          ],
          [
            -5.9737706,
            37.3617597
          ],
          [
            -5.9736803,
            37.3615105
          ],
          [
            -5.9735824,
            37.3612353
          ],
          [
            -5.9735274,
            37.3610796
          ],
          [
            -5.9734694,
            37.3609155
          ],
          [
            -5.9734311,
            37.3608071
          ],
          [
            -5.9731552,
            37.360026
          ],
          [
            -5.9730748,
            37.3597983
          ],
          [
            -5.9730123,
            37.3596198
          ],
          [
            -5.9728972,
            37.3592909
          ],
          [
            -5.9728865,
            37.3592227
          ],
          [
            -5.9728852,
            37.3591626
          ]
        ]
      },
      "properties": {
        "name": "Calle Victoria Domínguez Cerrato",
        "id": "34761865",
        "wikipedia_link": "",
        "gender": "female",
        "scale": 2,
        "category": "politica",
        "typeofroad": "tertiary"
      }
    },
    {
      "type": "Feature",
      "geometry": {
        "type": "LineString",
        "coordinates": [
          [
            -5.9657211,
            37.3613845
          ],
          [
            -5.9656918,
            37.3614881
          ],
          [
            -5.965721,
            37.361566
          ],
          [
            -5.9657881,
            37.3616258
          ],
          [
            -5.9659417,
            37.3616604
          ],
          [
            -5.9660787,
            37.3616148
          ],
          [
            -5.9661489,
            37.3615268
          ],
          [
            -5.9661484,
            37.3614225
          ],
          [
            -5.9660773,
            37.361335
          ],
          [
            -5.9659717,
            37.3612936
          ],
          [
            -5.9659278,
            37.3612898
          ],
          [
            -5.9658018,
            37.3613176
          ],
          [
            -5.9657211,
            37.3613845
          ]
        ]
      },
      "properties": {
        "name": "Glorieta Directora Esperanza Vélez",
        "id": "73037128",
        "wikipedia_link": "",
        "gender": "female",
        "scale": 2,
        "category": "politica",
        "typeofroad": "tertiary"
      }
    },
    {
      "type": "Feature",
      "geometry": {
        "type": "LineString",
        "coordinates": [
          [
            -5.9686269,
            37.3640891
          ],
          [
            -5.9684372,
            37.3639343
          ],
          [
            -5.9682202,
            37.3637593
          ],
          [
            -5.9680807,
            37.3636467
          ],
          [
            -5.9674831,
            37.3631647
          ]
        ]
      },
      "properties": {
        "name": "Calle Madre de Cristo",
        "id": "73037132",
        "wikipedia_link": "",
        "gender": "female",
        "scale": 2,
        "category": "religiosa",
        "typeofroad": "tertiary"
      }
    },
    {
      "type": "Feature",
      "geometry": {
        "type": "LineString",
        "coordinates": [
          [
            -5.9683287,
            37.3644618
          ],
          [
            -5.9671158,
            37.3634512
          ]
        ]
      },
      "properties": {
        "name": "Calle Madre Purísima",
        "id": "73037136",
        "wikipedia_link": "",
        "gender": "female",
        "scale": 2,
        "category": "religiosa",
        "typeofroad": "pedestrian"
      }
    },
    {
      "type": "Feature",
      "geometry": {
        "type": "LineString",
        "coordinates": [
          [
            -5.96803,
            37.377709
          ],
          [
            -5.9675775,
            37.37757
          ]
        ]
      },
      "properties": {
        "name": "Calle Beatriz de Suabia",
        "id": "36742820",
        "wikipedia_link": "https://es.wikipedia.org/wiki/Beatriz_de_Suabia",
        "gender": "female",
        "scale": 2,
        "category": "historica",
        "typeofroad": "pedestrian"
      }
    },
    {
      "type": "Feature",
      "geometry": {
        "type": "LineString",
        "coordinates": [
          [
            -5.9446952,
            37.3711558
          ],
          [
            -5.9453508,
            37.3710096
          ],
          [
            -5.945651,
            37.3709395
          ],
          [
            -5.9457065,
            37.3709191
          ]
        ]
      },
      "properties": {
        "name": "Calle Isadora Duncan",
        "id": "74662621",
        "wikipedia_link": "https://es.wikipedia.org/wiki/Isadora_Duncan",
        "gender": "female",
        "scale": 2,
        "category": "artista",
        "typeofroad": "residential"
      }
    },
    {
      "type": "Feature",
      "geometry": {
        "type": "LineString",
        "coordinates": [
          [
            -6.0103236,
            37.3894506
          ],
          [
            -6.0103682,
            37.3892879
          ]
        ]
      },
      "properties": {
        "name": "Calle Virgen del Patrocinio",
        "id": "28604304",
        "wikipedia_link": "",
        "gender": "female",
        "scale": 2,
        "category": "religiosa",
        "typeofroad": "primary"
      }
    },
    {
      "type": "Feature",
      "geometry": {
        "type": "LineString",
        "coordinates": [
          [
            -5.949327,
            37.3743114
          ],
          [
            -5.9484678,
            37.3747763
          ],
          [
            -5.9479083,
            37.3750713
          ]
        ]
      },
      "properties": {
        "name": "Avenida Doña Francisquita",
        "id": "36276132",
        "wikipedia_link": "",
        "gender": "female",
        "scale": 2,
        "category": "artista",
        "typeofroad": "residential"
      }
    },
    {
      "type": "Feature",
      "geometry": {
        "type": "LineString",
        "coordinates": [
          [
            -5.9567545,
            37.3780629
          ],
          [
            -5.9570282,
            37.3785454
          ]
        ]
      },
      "properties": {
        "name": "Calle Virgen de Soterraña",
        "id": "75171251",
        "wikipedia_link": "",
        "gender": "female",
        "scale": 2,
        "category": "religiosa",
        "typeofroad": "residential"
      }
    },
    {
      "type": "Feature",
      "geometry": {
        "type": "LineString",
        "coordinates": [
          [
            -5.9589191,
            37.3786938
          ],
          [
            -5.9589049,
            37.3786787
          ],
          [
            -5.9585404,
            37.3782903
          ],
          [
            -5.9583604,
            37.3780864
          ]
        ]
      },
      "properties": {
        "name": "Calle Guiomar de Ulloa",
        "id": "75171305",
        "wikipedia_link": "https://es.wikipedia.org/wiki/Guiomar_de_Ulloa",
        "gender": "female",
        "scale": 2,
        "category": "religiosa",
        "typeofroad": "residential"
      }
    },
    {
      "type": "Feature",
      "geometry": {
        "type": "LineString",
        "coordinates": [
          [
            -5.9580554,
            37.3785589
          ],
          [
            -5.9583805,
            37.3789458
          ]
        ]
      },
      "properties": {
        "name": "Calle María Briceño",
        "id": "75171311",
        "wikipedia_link": "https://es.wikipedia.org/wiki/María_Briceño",
        "gender": "female",
        "scale": 2,
        "category": "religiosa",
        "typeofroad": "residential"
      }
    },
    {
      "type": "Feature",
      "geometry": {
        "type": "LineString",
        "coordinates": [
          [
            -5.954288,
            37.3802227
          ],
          [
            -5.9544826,
            37.3802385
          ],
          [
            -5.9551391,
            37.3802917
          ],
          [
            -5.9558519,
            37.3803494
          ],
          [
            -5.9562732,
            37.3803806
          ],
          [
            -5.9565985,
            37.3804051
          ],
          [
            -5.9571664,
            37.3804475
          ]
        ]
      },
      "properties": {
        "name": "Calle Doctora Vieira Fuentes",
        "id": "75171319",
        "wikipedia_link": "",
        "gender": "female",
        "scale": 2,
        "category": "cientifica",
        "typeofroad": "residential"
      }
    },
    {
      "type": "Feature",
      "geometry": {
        "type": "LineString",
        "coordinates": [
          [
            -5.9555488,
            37.3827997
          ],
          [
            -5.9556807,
            37.3817998
          ],
          [
            -5.9557656,
            37.3811587
          ]
        ]
      },
      "properties": {
        "name": "Calle Virgen de la Candelaria",
        "id": "75171331",
        "wikipedia_link": "https://es.wikipedia.org/wiki/Virgen_de_la_Candelaria",
        "gender": "female",
        "scale": 2,
        "category": "religiosa",
        "typeofroad": "residential"
      }
    },
    {
      "type": "Feature",
      "geometry": {
        "type": "LineString",
        "coordinates": [
          [
            -5.9580714,
            37.4015139
          ],
          [
            -5.9578062,
            37.4020351
          ]
        ]
      },
      "properties": {
        "name": "Calle Antonia Colomé",
        "id": "75488703",
        "wikipedia_link": "https://es.wikipedia.org/wiki/Antonio_Colom",
        "gender": "female",
        "scale": 2,
        "category": "artista",
        "typeofroad": "pedestrian"
      }
    },
    {
      "type": "Feature",
      "geometry": {
        "type": "LineString",
        "coordinates": [
          [
            -5.9480179,
            37.4057764
          ],
          [
            -5.9481826,
            37.406177
          ],
          [
            -5.9481487,
            37.4065821
          ],
          [
            -5.9480669,
            37.4068546
          ],
          [
            -5.947565,
            37.407848
          ]
        ]
      },
      "properties": {
        "name": "Calle América Martínez",
        "id": "75601729",
        "wikipedia_link": "https://es.wikipedia.org/wiki/América_Martínez_Serrano",
        "gender": "female",
        "scale": 2,
        "category": "historica",
        "typeofroad": "residential"
      }
    },
    {
      "type": "Feature",
      "geometry": {
        "type": "LineString",
        "coordinates": [
          [
            -5.9172988,
            37.4096941
          ],
          [
            -5.9186235,
            37.4101438
          ],
          [
            -5.9187154,
            37.410175
          ]
        ]
      },
      "properties": {
        "name": "Calle María Zambrano",
        "id": "75738985",
        "wikipedia_link": "https://es.wikipedia.org/wiki/María_Zambrano",
        "gender": "female",
        "scale": 2,
        "category": "cientifica",
        "typeofroad": "residential"
      }
    },
    {
      "type": "Feature",
      "geometry": {
        "type": "LineString",
        "coordinates": [
          [
            -5.9201433,
            37.4076205
          ],
          [
            -5.9200508,
            37.4077887
          ],
          [
            -5.9199741,
            37.4079282
          ],
          [
            -5.9199113,
            37.4080428
          ]
        ]
      },
      "properties": {
        "name": "Calle Emilia Barral",
        "id": "75738993",
        "wikipedia_link": "https://es.wikipedia.org/wiki/Emiliano_Barral",
        "gender": "female",
        "scale": 2,
        "category": "artista",
        "typeofroad": "residential"
      }
    },
    {
      "type": "Feature",
      "geometry": {
        "type": "LineString",
        "coordinates": [
          [
            -5.9273772,
            37.394732
          ],
          [
            -5.9273009,
            37.3946312
          ],
          [
            -5.9269666,
            37.3941895
          ],
          [
            -5.9267409,
            37.393862
          ],
          [
            -5.9264855,
            37.3935207
          ],
          [
            -5.9264616,
            37.3934874
          ],
          [
            -5.9262248,
            37.3931416
          ],
          [
            -5.9259744,
            37.3928292
          ],
          [
            -5.9255464,
            37.3924262
          ],
          [
            -5.9254374,
            37.3923485
          ]
        ]
      },
      "properties": {
        "name": "Calle Atenea",
        "id": "75740937",
        "wikipedia_link": "https://es.wikipedia.org/wiki/Atenea",
        "gender": "female",
        "scale": 2,
        "category": "historica",
        "typeofroad": "residential"
      }
    },
    {
      "type": "Feature",
      "geometry": {
        "type": "LineString",
        "coordinates": [
          [
            -5.9259969,
            37.3942031
          ],
          [
            -5.9254708,
            37.3934869
          ]
        ]
      },
      "properties": {
        "name": "Calle Penélope",
        "id": "75932742",
        "wikipedia_link": "https://es.wikipedia.org/wiki/Penélope",
        "gender": "female",
        "scale": 2,
        "category": "historica",
        "typeofroad": "pedestrian"
      }
    },
    {
      "type": "Feature",
      "geometry": {
        "type": "LineString",
        "coordinates": [
          [
            -5.9257534,
            37.3943147
          ],
          [
            -5.9252341,
            37.3935953
          ]
        ]
      },
      "properties": {
        "name": "Calle Calipso",
        "id": "75932744",
        "wikipedia_link": "https://es.wikipedia.org/wiki/Calipso_(mitología)",
        "gender": "female",
        "scale": 2,
        "category": "historica",
        "typeofroad": "residential"
      }
    },
    {
      "type": "Feature",
      "geometry": {
        "type": "LineString",
        "coordinates": [
          [
            -5.9207354,
            37.3900974
          ],
          [
            -5.9207675,
            37.3900413
          ],
          [
            -5.9208952,
            37.3899265
          ],
          [
            -5.9210536,
            37.3898633
          ]
        ]
      },
      "properties": {
        "name": "Calle Flora Tristán",
        "id": "76040694",
        "wikipedia_link": "https://es.wikipedia.org/wiki/Flora_Tristán",
        "gender": "female",
        "scale": 2,
        "category": "politica",
        "typeofroad": "tertiary"
      }
    },
    {
      "type": "Feature",
      "geometry": {
        "type": "LineString",
        "coordinates": [
          [
            -5.9983739,
            37.3787989
          ],
          [
            -5.9984387,
            37.3788135
          ],
          [
            -5.9984722,
            37.3788413
          ],
          [
            -5.9987064,
            37.3791268
          ],
          [
            -5.9988628,
            37.3793311
          ],
          [
            -5.9988825,
            37.3793525
          ],
          [
            -5.9989551,
            37.3794394
          ]
        ]
      },
      "properties": {
        "name": "Calle Virgen de Consolación",
        "id": "29472018",
        "wikipedia_link": "",
        "gender": "female",
        "scale": 2,
        "category": "religiosa",
        "typeofroad": "residential"
      }
    },
    {
      "type": "Feature",
      "geometry": {
        "type": "LineString",
        "coordinates": [
          [
            -5.9692608,
            37.3236045
          ],
          [
            -5.9686976,
            37.3236727
          ],
          [
            -5.9686427,
            37.3236794
          ],
          [
            -5.9686009,
            37.3236862
          ],
          [
            -5.9685209,
            37.3236992
          ]
        ]
      },
      "properties": {
        "name": "Calle Isabel Chéix",
        "id": "79264159",
        "wikipedia_link": "",
        "gender": "female",
        "scale": 2,
        "category": "historica",
        "typeofroad": "residential"
      }
    },
    {
      "type": "Feature",
      "geometry": {
        "type": "LineString",
        "coordinates": [
          [
            -5.9709152,
            37.3250442
          ],
          [
            -5.971234,
            37.3250442
          ],
          [
            -5.9715625,
            37.3250442
          ],
          [
            -5.9716885,
            37.3250442
          ],
          [
            -5.9718146,
            37.3250442
          ],
          [
            -5.9719725,
            37.3250442
          ],
          [
            -5.9727366,
            37.3250442
          ],
          [
            -5.9729148,
            37.3250442
          ],
          [
            -5.9734315,
            37.3250009
          ],
          [
            -5.9737231,
            37.3249764
          ],
          [
            -5.974002,
            37.3249252
          ]
        ]
      },
      "properties": {
        "name": "Calle Camino de la Ermita de la Virgen de Valme",
        "id": "79264171",
        "wikipedia_link": "",
        "gender": "female",
        "scale": 2,
        "category": "religiosa",
        "typeofroad": "tertiary"
      }
    },
    {
      "type": "Feature",
      "geometry": {
        "type": "LineString",
        "coordinates": [
          [
            -5.9699793,
            37.3244953
          ],
          [
            -5.9697211,
            37.3235494
          ]
        ]
      },
      "properties": {
        "name": "Calle Feliciana Enríquez",
        "id": "79264175",
        "wikipedia_link": "https://es.wikipedia.org/wiki/Feliciana_Enríquez_de_Guzmán",
        "gender": "female",
        "scale": 2,
        "category": "escritora",
        "typeofroad": "residential"
      }
    },
    {
      "type": "Feature",
      "geometry": {
        "type": "LineString",
        "coordinates": [
          [
            -5.9688336,
            37.3280483
          ],
          [
            -5.9689387,
            37.3280668
          ],
          [
            -5.9689733,
            37.3280729
          ],
          [
            -5.9694157,
            37.3281587
          ],
          [
            -5.969977,
            37.32824
          ]
        ]
      },
      "properties": {
        "name": "Calle Francisca Sánchez Blanco",
        "id": "79264188",
        "wikipedia_link": "",
        "gender": "female",
        "scale": 2,
        "category": "historica",
        "typeofroad": "residential"
      }
    },
    {
      "type": "Feature",
      "geometry": {
        "type": "LineString",
        "coordinates": [
          [
            -5.9648694,
            37.3236181
          ],
          [
            -5.964594,
            37.3221375
          ],
          [
            -5.9645936,
            37.3221057
          ]
        ]
      },
      "properties": {
        "name": "Calle Santa Margarita",
        "id": "79264253",
        "wikipedia_link": "",
        "gender": "female",
        "scale": 2,
        "category": "santa",
        "typeofroad": "residential"
      }
    },
    {
      "type": "Feature",
      "geometry": {
        "type": "LineString",
        "coordinates": [
          [
            -5.9681544,
            37.3178075
          ],
          [
            -5.9682223,
            37.3182186
          ],
          [
            -5.9686608,
            37.3181779
          ]
        ]
      },
      "properties": {
        "name": "Calle Galatea",
        "id": "79264281",
        "wikipedia_link": "https://es.wikipedia.org/wiki/Galatea_(mitología)",
        "gender": "female",
        "scale": 2,
        "category": "historica",
        "typeofroad": "residential"
      }
    },
    {
      "type": "Feature",
      "geometry": {
        "type": "LineString",
        "coordinates": [
          [
            -5.9659478,
            37.3224536
          ],
          [
            -5.9654801,
            37.3224473
          ]
        ]
      },
      "properties": {
        "name": "Calle Proserpina",
        "id": "79311297",
        "wikipedia_link": "https://es.wikipedia.org/wiki/Proserpina",
        "gender": "female",
        "scale": 2,
        "category": "historica",
        "typeofroad": "residential"
      }
    },
    {
      "type": "Feature",
      "geometry": {
        "type": "LineString",
        "coordinates": [
          [
            -5.9710761,
            37.3236877
          ],
          [
            -5.9717118,
            37.3234416
          ]
        ]
      },
      "properties": {
        "name": "Calle Virgen de Valme",
        "id": "79359646",
        "wikipedia_link": "",
        "gender": "female",
        "scale": 2,
        "category": "religiosa",
        "typeofroad": "residential"
      }
    },
    {
      "type": "Feature",
      "geometry": {
        "type": "LineString",
        "coordinates": [
          [
            -5.9941402,
            37.4013231
          ],
          [
            -5.9937866,
            37.4011016
          ]
        ]
      },
      "properties": {
        "name": "Calle Estrellita Castro",
        "id": "28070769",
        "wikipedia_link": "https://es.wikipedia.org/wiki/Estrellita_Castro",
        "gender": "female",
        "scale": 2,
        "category": "artista",
        "typeofroad": "living_street"
      }
    },
    {
      "type": "Feature",
      "geometry": {
        "type": "LineString",
        "coordinates": [
          [
            -5.9944312,
            37.3980669
          ],
          [
            -5.9942776,
            37.3978715
          ],
          [
            -5.9941872,
            37.397864
          ]
        ]
      },
      "properties": {
        "name": "Calle Leonor Dávalos",
        "id": "19909757",
        "wikipedia_link": "",
        "gender": "female",
        "scale": 2,
        "category": "historica",
        "typeofroad": "pedestrian"
      }
    },
    {
      "type": "Feature",
      "geometry": {
        "type": "LineString",
        "coordinates": [
          [
            -5.9888483,
            37.3995666
          ],
          [
            -5.9894723,
            37.3994976
          ]
        ]
      },
      "properties": {
        "name": "Calle Virgen del Subterráneo",
        "id": "82031683",
        "wikipedia_link": "",
        "gender": "female",
        "scale": 2,
        "category": "religiosa",
        "typeofroad": "pedestrian"
      }
    },
    {
      "type": "Feature",
      "geometry": {
        "type": "LineString",
        "coordinates": [
          [
            -5.9885627,
            37.3782426
          ],
          [
            -5.9887195,
            37.3785016
          ],
          [
            -5.9888569,
            37.3787284
          ],
          [
            -5.9889617,
            37.3788042
          ],
          [
            -5.9890681,
            37.3787569
          ]
        ]
      },
      "properties": {
        "name": "Avenida Isabel la Católica",
        "id": "37522266",
        "wikipedia_link": "https://es.wikipedia.org/wiki/Isabel_I_de_Castilla",
        "gender": "female",
        "scale": 2,
        "category": "historica",
        "typeofroad": "living_street"
      }
    },
    {
      "type": "Feature",
      "geometry": {
        "type": "LineString",
        "coordinates": [
          [
            -5.9877951,
            37.3766106
          ],
          [
            -5.9875009,
            37.3761285
          ],
          [
            -5.987053,
            37.3753958
          ],
          [
            -5.9870328,
            37.3753626
          ],
          [
            -5.9869678,
            37.3753194
          ]
        ]
      },
      "properties": {
        "name": "Avenida Isabel la Católica",
        "id": "37522266",
        "wikipedia_link": "https://es.wikipedia.org/wiki/Isabel_I_de_Castilla",
        "gender": "female",
        "scale": 2,
        "category": "historica",
        "typeofroad": "living_street"
      }
    },
    {
      "type": "Feature",
      "geometry": {
        "type": "LineString",
        "coordinates": [
          [
            -5.9440815,
            37.3517596
          ],
          [
            -5.9441153,
            37.3516272
          ],
          [
            -5.9441539,
            37.3515532
          ],
          [
            -5.9442416,
            37.351456
          ],
          [
            -5.9446492,
            37.3509948
          ],
          [
            -5.9455719,
            37.3499507
          ],
          [
            -5.9477163,
            37.3475107
          ],
          [
            -5.9482342,
            37.3468904
          ],
          [
            -5.9488345,
            37.3459931
          ],
          [
            -5.9490626,
            37.3457132
          ]
        ]
      },
      "properties": {
        "name": "Calle Rectora Rosario Valpuesta Fernández",
        "id": "91315442",
        "wikipedia_link": "https://es.wikipedia.org/wiki/Rosario_Valpuesta",
        "gender": "female",
        "scale": 2,
        "category": "cientifica",
        "typeofroad": "primary"
      }
    },
    {
      "type": "Feature",
      "geometry": {
        "type": "LineString",
        "coordinates": [
          [
            -5.9234074,
            37.4097433
          ],
          [
            -5.9232185,
            37.4100945
          ],
          [
            -5.9234212,
            37.4101633
          ],
          [
            -5.9236101,
            37.409812
          ],
          [
            -5.9234074,
            37.4097433
          ]
        ]
      },
      "properties": {
        "name": "Plaza María Pita",
        "id": "98185596",
        "wikipedia_link": "https://es.wikipedia.org/wiki/María_Pita",
        "gender": "female",
        "scale": 2,
        "category": "historica",
        "typeofroad": "living_street"
      }
    },
    {
      "type": "Feature",
      "geometry": {
        "type": "LineString",
        "coordinates": [
          [
            -5.924646,
            37.3902572
          ],
          [
            -5.9249601,
            37.3903695
          ],
          [
            -5.9250728,
            37.3904098
          ],
          [
            -5.9252117,
            37.3904424
          ],
          [
            -5.9253852,
            37.3904539
          ],
          [
            -5.9255473,
            37.3904268
          ],
          [
            -5.925713,
            37.3903707
          ],
          [
            -5.9258942,
            37.390239
          ],
          [
            -5.9259672,
            37.3901664
          ],
          [
            -5.9260204,
            37.3900709
          ],
          [
            -5.9261199,
            37.3898505
          ],
          [
            -5.9261611,
            37.3896207
          ],
          [
            -5.9261693,
            37.389482
          ],
          [
            -5.9261539,
            37.3893576
          ],
          [
            -5.926086,
            37.3891258
          ],
          [
            -5.9258628,
            37.3886387
          ],
          [
            -5.9254133,
            37.3876496
          ],
          [
            -5.9252796,
            37.3874967
          ],
          [
            -5.9251221,
            37.3873718
          ]
        ]
      },
      "properties": {
        "name": "Calle Gertrudis Gómez de Avellaneda",
        "id": "98742923",
        "wikipedia_link": "https://es.wikipedia.org/wiki/Gertrudis_Gómez_de_Avellaneda",
        "gender": "female",
        "scale": 2,
        "category": "escritora",
        "typeofroad": "tertiary"
      }
    },
    {
      "type": "Feature",
      "geometry": {
        "type": "LineString",
        "coordinates": [
          [
            -5.9210536,
            37.3898633
          ],
          [
            -5.9206774,
            37.389837
          ],
          [
            -5.9205913,
            37.389831
          ],
          [
            -5.9204539,
            37.3898276
          ]
        ]
      },
      "properties": {
        "name": "Calle Flora Tristán",
        "id": "76040694",
        "wikipedia_link": "https://es.wikipedia.org/wiki/Flora_Tristán",
        "gender": "female",
        "scale": 2,
        "category": "politica",
        "typeofroad": "tertiary"
      }
    },
    {
      "type": "Feature",
      "geometry": {
        "type": "LineString",
        "coordinates": [
          [
            -5.9945327,
            37.3741384
          ],
          [
            -5.9944975,
            37.3741378
          ],
          [
            -5.9944673,
            37.3741372
          ],
          [
            -5.9943827,
            37.3741357
          ]
        ]
      },
      "properties": {
        "name": "Calle Virgen de Robledo",
        "id": "29472218",
        "wikipedia_link": "",
        "gender": "female",
        "scale": 2,
        "category": "religiosa",
        "typeofroad": "residential"
      }
    },
    {
      "type": "Feature",
      "geometry": {
        "type": "LineString",
        "coordinates": [
          [
            -5.9946584,
            37.3741354
          ],
          [
            -5.9945327,
            37.3741384
          ]
        ]
      },
      "properties": {
        "name": "Calle Virgen de Robledo",
        "id": "29472218",
        "wikipedia_link": "",
        "gender": "female",
        "scale": 2,
        "category": "religiosa",
        "typeofroad": "residential"
      }
    },
    {
      "type": "Feature",
      "geometry": {
        "type": "LineString",
        "coordinates": [
          [
            -5.9658698,
            37.3299797
          ],
          [
            -5.9654112,
            37.3287423
          ],
          [
            -5.9654377,
            37.328697
          ]
        ]
      },
      "properties": {
        "name": "Calle Perséfone",
        "id": "112162700",
        "wikipedia_link": "https://es.wikipedia.org/wiki/Perséfone",
        "gender": "female",
        "scale": 2,
        "category": "historica",
        "typeofroad": "residential"
      }
    },
    {
      "type": "Feature",
      "geometry": {
        "type": "LineString",
        "coordinates": [
          [
            -5.9660532,
            37.3302372
          ],
          [
            -5.9669603,
            37.3300367
          ],
          [
            -5.9675707,
            37.3298892
          ]
        ]
      },
      "properties": {
        "name": "Calle Selene",
        "id": "112163319",
        "wikipedia_link": "",
        "gender": "female",
        "scale": 2,
        "category": "historica",
        "typeofroad": "residential"
      }
    },
    {
      "type": "Feature",
      "geometry": {
        "type": "LineString",
        "coordinates": [
          [
            -5.9196703,
            37.4084592
          ],
          [
            -5.9195848,
            37.4086113
          ]
        ]
      },
      "properties": {
        "name": "Calle Emilia Barral",
        "id": "75738993",
        "wikipedia_link": "https://es.wikipedia.org/wiki/Emiliano_Barral",
        "gender": "female",
        "scale": 2,
        "category": "artista",
        "typeofroad": "residential"
      }
    },
    {
      "type": "Feature",
      "geometry": {
        "type": "LineString",
        "coordinates": [
          [
            -5.9195848,
            37.4086113
          ],
          [
            -5.9193871,
            37.4089657
          ],
          [
            -5.9193229,
            37.4090808
          ],
          [
            -5.919124,
            37.4094395
          ],
          [
            -5.9191067,
            37.4094706
          ],
          [
            -5.9187968,
            37.4100293
          ],
          [
            -5.9187482,
            37.410117
          ],
          [
            -5.9187154,
            37.410175
          ]
        ]
      },
      "properties": {
        "name": "Calle Emilia Barral",
        "id": "75738993",
        "wikipedia_link": "https://es.wikipedia.org/wiki/Emiliano_Barral",
        "gender": "female",
        "scale": 2,
        "category": "artista",
        "typeofroad": "residential"
      }
    },
    {
      "type": "Feature",
      "geometry": {
        "type": "LineString",
        "coordinates": [
          [
            -5.9950669,
            37.3963733
          ],
          [
            -5.9947855,
            37.3960793
          ]
        ]
      },
      "properties": {
        "name": "Calle Santa Bárbara",
        "id": "19804804",
        "wikipedia_link": "https://es.wikipedia.org/wiki/Santa_Bárbara",
        "gender": "female",
        "scale": 2,
        "category": "santa",
        "typeofroad": "living_street"
      }
    },
    {
      "type": "Feature",
      "geometry": {
        "type": "LineString",
        "coordinates": [
          [
            -5.9677856,
            37.3323562
          ],
          [
            -5.9677748,
            37.332322
          ],
          [
            -5.9669734,
            37.3300783
          ],
          [
            -5.9669603,
            37.3300367
          ]
        ]
      },
      "properties": {
        "name": "Calle Afrodita",
        "id": "116715436",
        "wikipedia_link": "https://es.wikipedia.org/wiki/Afrodita",
        "gender": "female",
        "scale": 2,
        "category": "historica",
        "typeofroad": "residential"
      }
    },
    {
      "type": "Feature",
      "geometry": {
        "type": "LineString",
        "coordinates": [
          [
            -5.9682715,
            37.3338021
          ],
          [
            -5.9680875,
            37.3345932
          ],
          [
            -5.9680672,
            37.3347201
          ]
        ]
      },
      "properties": {
        "name": "Calle Afrodita",
        "id": "116715436",
        "wikipedia_link": "https://es.wikipedia.org/wiki/Afrodita",
        "gender": "female",
        "scale": 2,
        "category": "historica",
        "typeofroad": "residential"
      }
    },
    {
      "type": "Feature",
      "geometry": {
        "type": "LineString",
        "coordinates": [
          [
            -5.9677856,
            37.3323562
          ],
          [
            -5.9682715,
            37.3338021
          ]
        ]
      },
      "properties": {
        "name": "Calle Afrodita",
        "id": "116715436",
        "wikipedia_link": "https://es.wikipedia.org/wiki/Afrodita",
        "gender": "female",
        "scale": 2,
        "category": "historica",
        "typeofroad": "residential"
      }
    },
    {
      "type": "Feature",
      "geometry": {
        "type": "LineString",
        "coordinates": [
          [
            -5.9706161,
            37.3275431
          ],
          [
            -5.970702,
            37.3274681
          ],
          [
            -5.9707124,
            37.3272109
          ],
          [
            -5.9707066,
            37.3267761
          ],
          [
            -5.9706735,
            37.326316
          ],
          [
            -5.9707019,
            37.3262096
          ],
          [
            -5.9708642,
            37.3259071
          ],
          [
            -5.9709084,
            37.3254756
          ],
          [
            -5.9709152,
            37.3250442
          ]
        ]
      },
      "properties": {
        "name": "Travesía Feliciana Enríquez",
        "id": "116720335",
        "wikipedia_link": "https://es.wikipedia.org/wiki/Feliciana_Enríquez_de_Guzmán",
        "gender": "female",
        "scale": 2,
        "category": "escritora",
        "typeofroad": "residential"
      }
    },
    {
      "type": "Feature",
      "geometry": {
        "type": "LineString",
        "coordinates": [
          [
            -5.9473904,
            37.3775581
          ],
          [
            -5.9472359,
            37.3786682
          ]
        ]
      },
      "properties": {
        "name": "Calle Eva Cervantes",
        "id": "58729646",
        "wikipedia_link": "",
        "gender": "female",
        "scale": 2,
        "category": "historica",
        "typeofroad": "residential"
      }
    },
    {
      "type": "Feature",
      "geometry": {
        "type": "LineString",
        "coordinates": [
          [
            -5.9643856,
            37.3306095
          ],
          [
            -5.9651044,
            37.330456
          ],
          [
            -5.9659056,
            37.3302897
          ]
        ]
      },
      "properties": {
        "name": "Calle Selene",
        "id": "112163319",
        "wikipedia_link": "",
        "gender": "female",
        "scale": 2,
        "category": "historica",
        "typeofroad": "residential"
      }
    },
    {
      "type": "Feature",
      "geometry": {
        "type": "LineString",
        "coordinates": [
          [
            -5.9917275,
            37.3863327
          ],
          [
            -5.9917475,
            37.3862905
          ],
          [
            -5.9918919,
            37.386226
          ]
        ]
      },
      "properties": {
        "name": "Plaza Virgen de los Reyes",
        "id": "122269844",
        "wikipedia_link": "https://es.wikipedia.org/wiki/Virgen_de_los_Reyes",
        "gender": "female",
        "scale": 2,
        "category": "religiosa",
        "typeofroad": "living_street"
      }
    },
    {
      "type": "Feature",
      "geometry": {
        "type": "LineString",
        "coordinates": [
          [
            -5.9924178,
            37.3863092
          ],
          [
            -5.9923579,
            37.3862974
          ],
          [
            -5.9919805,
            37.3862735
          ],
          [
            -5.9919349,
            37.3862552
          ],
          [
            -5.9918919,
            37.386226
          ],
          [
            -5.9917942,
            37.3861324
          ],
          [
            -5.9917354,
            37.3860938
          ]
        ]
      },
      "properties": {
        "name": "Plaza Virgen de los Reyes",
        "id": "122269844",
        "wikipedia_link": "https://es.wikipedia.org/wiki/Virgen_de_los_Reyes",
        "gender": "female",
        "scale": 2,
        "category": "religiosa",
        "typeofroad": "living_street"
      }
    },
    {
      "type": "Feature",
      "geometry": {
        "type": "LineString",
        "coordinates": [
          [
            -5.967148,
            37.3337015
          ],
          [
            -5.9667748,
            37.332568
          ],
          [
            -5.96677,
            37.3325547
          ],
          [
            -5.9659729,
            37.3302804
          ]
        ]
      },
      "properties": {
        "name": "Calle Perséfone",
        "id": "112162700",
        "wikipedia_link": "https://es.wikipedia.org/wiki/Perséfone",
        "gender": "female",
        "scale": 2,
        "category": "historica",
        "typeofroad": "residential"
      }
    },
    {
      "type": "Feature",
      "geometry": {
        "type": "LineString",
        "coordinates": [
          [
            -5.995377,
            37.3747555
          ],
          [
            -5.9947538,
            37.374712
          ]
        ]
      },
      "properties": {
        "name": "Calle Virgen de Luján",
        "id": "130542675",
        "wikipedia_link": "https://es.wikipedia.org/wiki/Virgen_de_Luján",
        "gender": "female",
        "scale": 2,
        "category": "religiosa",
        "typeofroad": "secondary"
      }
    },
    {
      "type": "Feature",
      "geometry": {
        "type": "LineString",
        "coordinates": [
          [
            -5.9139582,
            37.3906795
          ],
          [
            -5.914017,
            37.3907383
          ],
          [
            -5.9140928,
            37.3907832
          ],
          [
            -5.9141806,
            37.3908112
          ],
          [
            -5.9142744,
            37.3908204
          ],
          [
            -5.9143681,
            37.3908101
          ],
          [
            -5.9144815,
            37.390776
          ]
        ]
      },
      "properties": {
        "name": "Glorieta Carmen Olmedo Checa",
        "id": "142236543",
        "wikipedia_link": "",
        "gender": "female",
        "scale": 2,
        "category": "historica",
        "typeofroad": "tertiary"
      }
    },
    {
      "type": "Feature",
      "geometry": {
        "type": "LineString",
        "coordinates": [
          [
            -5.9145568,
            37.389764
          ],
          [
            -5.9144932,
            37.389712
          ],
          [
            -5.9144149,
            37.3896746
          ],
          [
            -5.9143273,
            37.3896542
          ],
          [
            -5.9142361,
            37.3896522
          ],
          [
            -5.9141472,
            37.3896686
          ],
          [
            -5.9140664,
            37.3897024
          ]
        ]
      },
      "properties": {
        "name": "Glorieta Carmen Olmedo Checa",
        "id": "142236543",
        "wikipedia_link": "",
        "gender": "female",
        "scale": 2,
        "category": "historica",
        "typeofroad": "tertiary"
      }
    },
    {
      "type": "Feature",
      "geometry": {
        "type": "LineString",
        "coordinates": [
          [
            -5.9704348,
            37.4066596
          ],
          [
            -5.9700434,
            37.4063244
          ]
        ]
      },
      "properties": {
        "name": "Calle Rafi Herencia",
        "id": "69872717",
        "wikipedia_link": "",
        "gender": "female",
        "scale": 2,
        "category": "historica",
        "typeofroad": "residential"
      }
    },
    {
      "type": "Feature",
      "geometry": {
        "type": "LineString",
        "coordinates": [
          [
            -5.9991738,
            37.3984263
          ],
          [
            -5.9995527,
            37.3986477
          ],
          [
            -5.9992468,
            37.3989871
          ]
        ]
      },
      "properties": {
        "name": "Calle Virgen de Palma Coronada",
        "id": "159295338",
        "wikipedia_link": "",
        "gender": "female",
        "scale": 2,
        "category": "religiosa",
        "typeofroad": "living_street"
      }
    },
    {
      "type": "Feature",
      "geometry": {
        "type": "LineString",
        "coordinates": [
          [
            -5.9975278,
            37.3915479
          ],
          [
            -5.9975147,
            37.3915329
          ]
        ]
      },
      "properties": {
        "name": "Josefa Reina Puerto",
        "id": "160118911",
        "wikipedia_link": "",
        "gender": "female",
        "scale": 2,
        "category": "historica",
        "typeofroad": "pedestrian"
      }
    },
    {
      "type": "Feature",
      "geometry": {
        "type": "LineString",
        "coordinates": [
          [
            -5.9716488,
            37.3249617
          ],
          [
            -5.9714932,
            37.3249702
          ],
          [
            -5.9714879,
            37.3243431
          ],
          [
            -5.9716381,
            37.3242791
          ],
          [
            -5.9716488,
            37.3249617
          ]
        ]
      },
      "properties": {
        "name": "Plaza Nuestra Señora de Valme",
        "id": "162845529",
        "wikipedia_link": "https://es.wikipedia.org/wiki/Nuestra_Señora_de_Valvanera",
        "gender": "female",
        "scale": 2,
        "category": "religiosa",
        "typeofroad": "pedestrian"
      }
    },
    {
      "type": "Feature",
      "geometry": {
        "type": "LineString",
        "coordinates": [
          [
            -6.0075446,
            37.3889969
          ],
          [
            -6.0075001,
            37.3889788
          ],
          [
            -6.0074422,
            37.3889553
          ],
          [
            -6.0071206,
            37.3888083
          ],
          [
            -6.0068819,
            37.3890836
          ]
        ]
      },
      "properties": {
        "name": "Calle Gracia de Triana",
        "id": "163400039",
        "wikipedia_link": "https://es.wikipedia.org/wiki/Gracia_de_Triana",
        "gender": "female",
        "scale": 2,
        "category": "historica",
        "typeofroad": "pedestrian"
      }
    },
    {
      "type": "Feature",
      "geometry": {
        "type": "LineString",
        "coordinates": [
          [
            -5.9912904,
            37.3953094
          ],
          [
            -5.9914515,
            37.39538
          ]
        ]
      },
      "properties": {
        "name": "Plaza Maria Purísima de la Cruz",
        "id": "177876083",
        "wikipedia_link": "",
        "gender": "female",
        "scale": 2,
        "category": "religiosa",
        "typeofroad": "living_street"
      }
    },
    {
      "type": "Feature",
      "geometry": {
        "type": "LineString",
        "coordinates": [
          [
            -5.9854106,
            37.3995491
          ],
          [
            -5.985357,
            37.3996432
          ],
          [
            -5.9850546,
            37.4000326
          ]
        ]
      },
      "properties": {
        "name": "Calle Madre Dolores Márquez",
        "id": "183408328",
        "wikipedia_link": "",
        "gender": "female",
        "scale": 2,
        "category": "religiosa",
        "typeofroad": "residential"
      }
    },
    {
      "type": "Feature",
      "geometry": {
        "type": "LineString",
        "coordinates": [
          [
            -6.003663,
            37.3720505
          ],
          [
            -6.0036497,
            37.3720904
          ],
          [
            -6.0036417,
            37.3721201
          ],
          [
            -6.0036255,
            37.3721755
          ],
          [
            -6.0036086,
            37.372228
          ],
          [
            -6.0035814,
            37.3723193
          ],
          [
            -6.0035112,
            37.3726132
          ],
          [
            -6.0034875,
            37.3728919
          ],
          [
            -6.0035147,
            37.3731841
          ],
          [
            -6.0036017,
            37.3734486
          ]
        ]
      },
      "properties": {
        "name": "Calle Virgen de la Oliva",
        "id": "28603713",
        "wikipedia_link": "",
        "gender": "female",
        "scale": 2,
        "category": "religiosa",
        "typeofroad": "primary"
      }
    },
    {
      "type": "Feature",
      "geometry": {
        "type": "LineString",
        "coordinates": [
          [
            -6.003663,
            37.3720505
          ],
          [
            -6.0037945,
            37.3718823
          ],
          [
            -6.0039141,
            37.371757
          ]
        ]
      },
      "properties": {
        "name": "Calle Virgen de la Oliva",
        "id": "28603713",
        "wikipedia_link": "",
        "gender": "female",
        "scale": 2,
        "category": "religiosa",
        "typeofroad": "primary"
      }
    },
    {
      "type": "Feature",
      "geometry": {
        "type": "LineString",
        "coordinates": [
          [
            -5.9406619,
            37.4007244
          ],
          [
            -5.940761,
            37.400791
          ]
        ]
      },
      "properties": {
        "name": "Plazoleta Nuestra Señora de los Ángeles",
        "id": "41215876",
        "wikipedia_link": "",
        "gender": "female",
        "scale": 2,
        "category": "religiosa",
        "typeofroad": "pedestrian"
      }
    },
    {
      "type": "Feature",
      "geometry": {
        "type": "LineString",
        "coordinates": [
          [
            -5.9405225,
            37.4006349
          ],
          [
            -5.9404083,
            37.4005642
          ]
        ]
      },
      "properties": {
        "name": "Plazoleta Nuestra Señora de los Ángeles",
        "id": "41215876",
        "wikipedia_link": "",
        "gender": "female",
        "scale": 2,
        "category": "religiosa",
        "typeofroad": "pedestrian"
      }
    },
    {
      "type": "Feature",
      "geometry": {
        "type": "LineString",
        "coordinates": [
          [
            -5.9584661,
            37.401239
          ],
          [
            -5.9585495,
            37.4010622
          ]
        ]
      },
      "properties": {
        "name": "Calle Mery Martin",
        "id": "60045922",
        "wikipedia_link": "https://es.wikipedia.org/wiki/Mary_Martin",
        "gender": "female",
        "scale": 2,
        "category": "historica",
        "typeofroad": "residential"
      }
    },
    {
      "type": "Feature",
      "geometry": {
        "type": "LineString",
        "coordinates": [
          [
            -5.9566106,
            37.4016399
          ],
          [
            -5.9566846,
            37.4001101
          ]
        ]
      },
      "properties": {
        "name": "Calle Soledad Miranda",
        "id": "183836807",
        "wikipedia_link": "https://es.wikipedia.org/wiki/Soledad_Miranda",
        "gender": "female",
        "scale": 2,
        "category": "artista",
        "typeofroad": "pedestrian"
      }
    },
    {
      "type": "Feature",
      "geometry": {
        "type": "LineString",
        "coordinates": [
          [
            -5.9142831,
            37.3848322
          ],
          [
            -5.9142408,
            37.3851538
          ],
          [
            -5.914229,
            37.3851854
          ],
          [
            -5.9142029,
            37.3852549
          ]
        ]
      },
      "properties": {
        "name": "Calle Virgen de la Piedad",
        "id": "28158326",
        "wikipedia_link": "https://es.wikipedia.org/wiki/Virgen_de_la_Piedad",
        "gender": "female",
        "scale": 2,
        "category": "religiosa",
        "typeofroad": "tertiary"
      }
    },
    {
      "type": "Feature",
      "geometry": {
        "type": "LineString",
        "coordinates": [
          [
            -5.9126501,
            37.3839008
          ],
          [
            -5.9128209,
            37.3835335
          ],
          [
            -5.9132643,
            37.3825799
          ]
        ]
      },
      "properties": {
        "name": "Calle Virgen de las Lágrimas",
        "id": "183880929",
        "wikipedia_link": "",
        "gender": "female",
        "scale": 2,
        "category": "religiosa",
        "typeofroad": "residential"
      }
    },
    {
      "type": "Feature",
      "geometry": {
        "type": "LineString",
        "coordinates": [
          [
            -5.9687785,
            37.3935559
          ],
          [
            -5.9689028,
            37.3933056
          ]
        ]
      },
      "properties": {
        "name": "Calle La Farruca",
        "id": "72140637",
        "wikipedia_link": "",
        "gender": "female",
        "scale": 2,
        "category": "artista",
        "typeofroad": "residential"
      }
    },
    {
      "type": "Feature",
      "geometry": {
        "type": "LineString",
        "coordinates": [
          [
            -6.0002985,
            37.3759435
          ],
          [
            -5.9998043,
            37.3761978
          ],
          [
            -5.9993143,
            37.3764543
          ],
          [
            -5.9988121,
            37.3767213
          ]
        ]
      },
      "properties": {
        "name": "Calle Virgen de la Victoria",
        "id": "29472065",
        "wikipedia_link": "",
        "gender": "female",
        "scale": 2,
        "category": "religiosa",
        "typeofroad": "residential"
      }
    },
    {
      "type": "Feature",
      "geometry": {
        "type": "LineString",
        "coordinates": [
          [
            -6.0073233,
            37.3904429
          ],
          [
            -6.0071748,
            37.3904537
          ],
          [
            -6.0072985,
            37.3911706
          ],
          [
            -6.0073336,
            37.3913738
          ],
          [
            -6.0073661,
            37.3915428
          ],
          [
            -6.0073708,
            37.3915672
          ],
          [
            -6.0073745,
            37.3916429
          ],
          [
            -6.0074088,
            37.3917318
          ],
          [
            -6.0074444,
            37.3917937
          ],
          [
            -6.0075139,
            37.3918549
          ],
          [
            -6.0076568,
            37.3919235
          ],
          [
            -6.0078983,
            37.3920304
          ],
          [
            -6.0079593,
            37.3920959
          ],
          [
            -6.0079587,
            37.392153
          ],
          [
            -6.0079095,
            37.392308
          ],
          [
            -6.0077968,
            37.3927366
          ],
          [
            -6.0077406,
            37.3929503
          ],
          [
            -6.0078205,
            37.3929662
          ]
        ]
      },
      "properties": {
        "name": "Paseo Nuestra Señora de la O",
        "id": "192056410",
        "wikipedia_link": "",
        "gender": "female",
        "scale": 2,
        "category": "religiosa",
        "typeofroad": "footway"
      }
    },
    {
      "type": "Feature",
      "geometry": {
        "type": "LineString",
        "coordinates": [
          [
            -5.9987064,
            37.3791268
          ],
          [
            -5.9981963,
            37.3793819
          ]
        ]
      },
      "properties": {
        "name": "Pasaje Virgen de Consolación",
        "id": "70813703",
        "wikipedia_link": "",
        "gender": "female",
        "scale": 2,
        "category": "religiosa",
        "typeofroad": "living_street"
      }
    },
    {
      "type": "Feature",
      "geometry": {
        "type": "LineString",
        "coordinates": [
          [
            -5.97436,
            37.3465822
          ],
          [
            -5.9741718,
            37.3461479
          ],
          [
            -5.974158,
            37.3461161
          ],
          [
            -5.97395,
            37.3456396
          ],
          [
            -5.9737062,
            37.3450809
          ],
          [
            -5.9737,
            37.3450665
          ],
          [
            -5.9735587,
            37.3447388
          ],
          [
            -5.9734591,
            37.3445144
          ],
          [
            -5.9734346,
            37.3444593
          ]
        ]
      },
      "properties": {
        "name": "Calle María Galiana",
        "id": "70844076",
        "wikipedia_link": "https://es.wikipedia.org/wiki/María_Galiana",
        "gender": "female",
        "scale": 2,
        "category": "artista",
        "typeofroad": "residential"
      }
    },
    {
      "type": "Feature",
      "geometry": {
        "type": "LineString",
        "coordinates": [
          [
            -5.9950242,
            37.3977507
          ],
          [
            -5.9954107,
            37.3978759
          ],
          [
            -5.9956768,
            37.3979189
          ]
        ]
      },
      "properties": {
        "name": "Calle Santa Ana",
        "id": "196285691",
        "wikipedia_link": "",
        "gender": "female",
        "scale": 2,
        "category": "santa",
        "typeofroad": "living_street"
      }
    },
    {
      "type": "Feature",
      "geometry": {
        "type": "LineString",
        "coordinates": [
          [
            -5.9795475,
            37.3485054
          ],
          [
            -5.9793194,
            37.3485401
          ],
          [
            -5.9787091,
            37.3486326
          ],
          [
            -5.9786877,
            37.3486354
          ],
          [
            -5.9779459,
            37.3487487
          ],
          [
            -5.9778764,
            37.3487593
          ],
          [
            -5.9775357,
            37.3488111
          ],
          [
            -5.9774264,
            37.3488292
          ],
          [
            -5.9771386,
            37.3488714
          ]
        ]
      },
      "properties": {
        "name": "Calle Nuestra Señora del Pilar",
        "id": "196782992",
        "wikipedia_link": "",
        "gender": "female",
        "scale": 2,
        "category": "religiosa",
        "typeofroad": "tertiary"
      }
    },
    {
      "type": "Feature",
      "geometry": {
        "type": "LineString",
        "coordinates": [
          [
            -6.0017179,
            37.3745936
          ],
          [
            -6.0019231,
            37.3745887
          ],
          [
            -6.002014,
            37.3745865
          ],
          [
            -6.0022601,
            37.3745807
          ],
          [
            -6.0024673,
            37.3745758
          ]
        ]
      },
      "properties": {
        "name": "Calle Virgen de Luján",
        "id": "130542675",
        "wikipedia_link": "https://es.wikipedia.org/wiki/Virgen_de_Luján",
        "gender": "female",
        "scale": 2,
        "category": "religiosa",
        "typeofroad": "secondary"
      }
    },
    {
      "type": "Feature",
      "geometry": {
        "type": "LineString",
        "coordinates": [
          [
            -5.9671092,
            37.3659661
          ],
          [
            -5.9673624,
            37.366093
          ],
          [
            -5.9678822,
            37.3663534
          ],
          [
            -5.9679502,
            37.3663875
          ],
          [
            -5.9681232,
            37.3661942
          ],
          [
            -5.9681434,
            37.3661743
          ],
          [
            -5.9685618,
            37.3663853
          ],
          [
            -5.9684116,
            37.3665687
          ]
        ]
      },
      "properties": {
        "name": "Ronda Nuestra Señora de la Oliva",
        "id": "27947450",
        "wikipedia_link": "",
        "gender": "female",
        "scale": 2,
        "category": "religiosa",
        "typeofroad": "residential"
      }
    },
    {
      "type": "Feature",
      "geometry": {
        "type": "LineString",
        "coordinates": [
          [
            -5.9711948,
            37.3664489
          ],
          [
            -5.9711409,
            37.3664211
          ],
          [
            -5.9709849,
            37.3663385
          ],
          [
            -5.9705449,
            37.3661143
          ],
          [
            -5.9704887,
            37.3660854
          ]
        ]
      },
      "properties": {
        "name": "Barriada Nuestra Señora de la Oliva",
        "id": "200669130",
        "wikipedia_link": "",
        "gender": "female",
        "scale": 2,
        "category": "religiosa",
        "typeofroad": "residential"
      }
    },
    {
      "type": "Feature",
      "geometry": {
        "type": "LineString",
        "coordinates": [
          [
            -5.9717707,
            37.4032967
          ],
          [
            -5.9716012,
            37.4034964
          ]
        ]
      },
      "properties": {
        "name": "Calle Santa Maria del Mar",
        "id": "69736127",
        "wikipedia_link": "",
        "gender": "female",
        "scale": 2,
        "category": "santa",
        "typeofroad": "residential"
      }
    },
    {
      "type": "Feature",
      "geometry": {
        "type": "LineString",
        "coordinates": [
          [
            -5.9703674,
            37.3263133
          ],
          [
            -5.9702483,
            37.3256986
          ],
          [
            -5.9701716,
            37.3253827
          ],
          [
            -5.9700882,
            37.3249928
          ],
          [
            -5.9700005,
            37.3245842
          ],
          [
            -5.969983,
            37.3245152
          ],
          [
            -5.9699793,
            37.3244953
          ]
        ]
      },
      "properties": {
        "name": "Calle Feliciana Enríquez",
        "id": "79264175",
        "wikipedia_link": "https://es.wikipedia.org/wiki/Feliciana_Enríquez_de_Guzmán",
        "gender": "female",
        "scale": 2,
        "category": "escritora",
        "typeofroad": "residential"
      }
    },
    {
      "type": "Feature",
      "geometry": {
        "type": "LineString",
        "coordinates": [
          [
            -5.9614131,
            37.3617971
          ],
          [
            -5.9604277,
            37.3609585
          ],
          [
            -5.9603972,
            37.3609328
          ],
          [
            -5.9603269,
            37.3608737
          ]
        ]
      },
      "properties": {
        "name": "Calle Teresa de Calcuta",
        "id": "206910837",
        "wikipedia_link": "https://es.wikipedia.org/wiki/Madre_Teresa_de_Calcuta",
        "gender": "female",
        "scale": 2,
        "category": "santa",
        "typeofroad": "pedestrian"
      }
    },
    {
      "type": "Feature",
      "geometry": {
        "type": "LineString",
        "coordinates": [
          [
            -5.9621818,
            37.3609066
          ],
          [
            -5.9615384,
            37.3614
          ]
        ]
      },
      "properties": {
        "name": "Calle Madre Dolorosa",
        "id": "206913613",
        "wikipedia_link": "",
        "gender": "female",
        "scale": 2,
        "category": "religiosa",
        "typeofroad": "pedestrian"
      }
    },
    {
      "type": "Feature",
      "geometry": {
        "type": "LineString",
        "coordinates": [
          [
            -5.9647931,
            37.3211439
          ],
          [
            -5.9648119,
            37.3213308
          ],
          [
            -5.9648387,
            37.3216101
          ]
        ]
      },
      "properties": {
        "name": "Calle Minerva",
        "id": "208236406",
        "wikipedia_link": "https://es.wikipedia.org/wiki/Minerva",
        "gender": "female",
        "scale": 2,
        "category": "historica",
        "typeofroad": "living_street"
      }
    },
    {
      "type": "Feature",
      "geometry": {
        "type": "LineString",
        "coordinates": [
          [
            -5.9658938,
            37.3650397
          ],
          [
            -5.9650484,
            37.3656917
          ]
        ]
      },
      "properties": {
        "name": "Calle Madre de Misericordia",
        "id": "214153786",
        "wikipedia_link": "",
        "gender": "female",
        "scale": 2,
        "category": "religiosa",
        "typeofroad": "pedestrian"
      }
    },
    {
      "type": "Feature",
      "geometry": {
        "type": "LineString",
        "coordinates": [
          [
            -6.0091885,
            37.3831372
          ],
          [
            -6.0089853,
            37.3832406
          ]
        ]
      },
      "properties": {
        "name": "Calle Sor Milagros",
        "id": "29550415",
        "wikipedia_link": "",
        "gender": "female",
        "scale": 2,
        "category": "religiosa",
        "typeofroad": "residential"
      }
    },
    {
      "type": "Feature",
      "geometry": {
        "type": "LineString",
        "coordinates": [
          [
            -6.0089518,
            37.3832567
          ],
          [
            -6.00886,
            37.3833008
          ],
          [
            -6.0085605,
            37.3834498
          ],
          [
            -6.0084393,
            37.383509
          ]
        ]
      },
      "properties": {
        "name": "Calle Sor Milagros",
        "id": "29550415",
        "wikipedia_link": "",
        "gender": "female",
        "scale": 2,
        "category": "religiosa",
        "typeofroad": "residential"
      }
    },
    {
      "type": "Feature",
      "geometry": {
        "type": "LineString",
        "coordinates": [
          [
            -5.9829405,
            37.3799988
          ],
          [
            -5.9830419,
            37.3800034
          ],
          [
            -5.9831398,
            37.3799821
          ],
          [
            -5.9832196,
            37.3799406
          ],
          [
            -5.9832801,
            37.3798821
          ]
        ]
      },
      "properties": {
        "name": "Glorieta Doña María de las Mercedes de Borbón y Orleans",
        "id": "22744108",
        "wikipedia_link": "https://es.wikipedia.org/wiki/Mercedes_de_Orleáns",
        "gender": "female",
        "scale": 2,
        "category": "historica",
        "typeofroad": "primary"
      }
    },
    {
      "type": "Feature",
      "geometry": {
        "type": "LineString",
        "coordinates": [
          [
            -6.00304,
            37.3784979
          ],
          [
            -6.002763,
            37.3781116
          ],
          [
            -6.0026496,
            37.3779592
          ],
          [
            -6.0026378,
            37.3779434
          ],
          [
            -6.0025764,
            37.3778609
          ],
          [
            -6.0024907,
            37.3777459
          ],
          [
            -6.0024779,
            37.3777286
          ],
          [
            -6.0024101,
            37.3776612
          ]
        ]
      },
      "properties": {
        "name": "Calle Esperanza de Triana",
        "id": "29487361",
        "wikipedia_link": "",
        "gender": "female",
        "scale": 2,
        "category": "religiosa",
        "typeofroad": "residential"
      }
    },
    {
      "type": "Feature",
      "geometry": {
        "type": "LineString",
        "coordinates": [
          [
            -6.0044966,
            37.3793792
          ],
          [
            -6.0040838,
            37.3789141
          ]
        ]
      },
      "properties": {
        "name": "Calle Virgen Inmaculada",
        "id": "225999366",
        "wikipedia_link": "",
        "gender": "female",
        "scale": 2,
        "category": "religiosa",
        "typeofroad": "residential"
      }
    },
    {
      "type": "Feature",
      "geometry": {
        "type": "LineString",
        "coordinates": [
          [
            -6.0043097,
            37.3787789
          ],
          [
            -6.0044988,
            37.3789816
          ],
          [
            -6.0047279,
            37.3792407
          ]
        ]
      },
      "properties": {
        "name": "Calle Virgen del Mar",
        "id": "225999367",
        "wikipedia_link": "",
        "gender": "female",
        "scale": 2,
        "category": "religiosa",
        "typeofroad": "residential"
      }
    },
    {
      "type": "Feature",
      "geometry": {
        "type": "LineString",
        "coordinates": [
          [
            -6.0038579,
            37.3790492
          ],
          [
            -6.0042859,
            37.3795071
          ]
        ]
      },
      "properties": {
        "name": "Calle Virgen del Prado",
        "id": "225999368",
        "wikipedia_link": "",
        "gender": "female",
        "scale": 2,
        "category": "religiosa",
        "typeofroad": "residential"
      }
    },
    {
      "type": "Feature",
      "geometry": {
        "type": "LineString",
        "coordinates": [
          [
            -5.9898665,
            37.3775531
          ],
          [
            -5.9899094,
            37.3775707
          ],
          [
            -5.9899489,
            37.3775748
          ],
          [
            -5.989988,
            37.3775691
          ],
          [
            -5.9900231,
            37.3775541
          ],
          [
            -5.9900507,
            37.3775313
          ],
          [
            -5.9900681,
            37.3775031
          ],
          [
            -5.9900738,
            37.377472
          ],
          [
            -5.9900673,
            37.377441
          ],
          [
            -5.9900492,
            37.377413
          ],
          [
            -5.9900212,
            37.3773908
          ],
          [
            -5.9899851,
            37.3773761
          ],
          [
            -5.989945,
            37.3773712
          ],
          [
            -5.989905,
            37.3773764
          ],
          [
            -5.9898691,
            37.3773913
          ],
          [
            -5.9898408,
            37.3774144
          ],
          [
            -5.989821,
            37.3774494
          ],
          [
            -5.9898189,
            37.3774878
          ],
          [
            -5.9898348,
            37.3775241
          ],
          [
            -5.9898665,
            37.3775531
          ]
        ]
      },
      "properties": {
        "name": "Glorieta Gabriela Ortega Gómez",
        "id": "235440447",
        "wikipedia_link": "https://es.wikipedia.org/wiki/Gabriela_Ortega",
        "gender": "female",
        "scale": 2,
        "category": "politica",
        "typeofroad": "pedestrian"
      }
    },
    {
      "type": "Feature",
      "geometry": {
        "type": "LineString",
        "coordinates": [
          [
            -6.0094591,
            37.3879836
          ],
          [
            -6.0091962,
            37.3879208
          ],
          [
            -6.0093046,
            37.3876092
          ],
          [
            -6.0095722,
            37.3876671
          ]
        ]
      },
      "properties": {
        "name": "Plaza Virgen de la Amargura",
        "id": "49061644",
        "wikipedia_link": "",
        "gender": "female",
        "scale": 2,
        "category": "religiosa",
        "typeofroad": "living_street"
      }
    },
    {
      "type": "Feature",
      "geometry": {
        "type": "LineString",
        "coordinates": [
          [
            -5.9832889,
            37.3947281
          ],
          [
            -5.9834196,
            37.3945615
          ],
          [
            -5.9834699,
            37.3944894
          ]
        ]
      },
      "properties": {
        "name": "Calle María Auxiliadora",
        "id": "28327507",
        "wikipedia_link": "https://es.wikipedia.org/wiki/María_Auxiliadora",
        "gender": "female",
        "scale": 2,
        "category": "santa",
        "typeofroad": "primary"
      }
    },
    {
      "type": "Feature",
      "geometry": {
        "type": "LineString",
        "coordinates": [
          [
            -5.9142029,
            37.3852549
          ],
          [
            -5.9141714,
            37.3853505
          ]
        ]
      },
      "properties": {
        "name": "Calle Virgen de la Piedad",
        "id": "28158326",
        "wikipedia_link": "https://es.wikipedia.org/wiki/Virgen_de_la_Piedad",
        "gender": "female",
        "scale": 2,
        "category": "religiosa",
        "typeofroad": "tertiary"
      }
    },
    {
      "type": "Feature",
      "geometry": {
        "type": "LineString",
        "coordinates": [
          [
            -5.9873097,
            37.3635498
          ],
          [
            -5.9873174,
            37.3634195
          ],
          [
            -5.9874346,
            37.3608244
          ]
        ]
      },
      "properties": {
        "name": "Calle Sor Gregoria de Santa Teresa",
        "id": "34761860",
        "wikipedia_link": "",
        "gender": "female",
        "scale": 2,
        "category": "santa",
        "typeofroad": "residential"
      }
    },
    {
      "type": "Feature",
      "geometry": {
        "type": "LineString",
        "coordinates": [
          [
            -5.9838235,
            37.3937277
          ],
          [
            -5.9839928,
            37.393077
          ]
        ]
      },
      "properties": {
        "name": "Calle María Auxiliadora",
        "id": "28327507",
        "wikipedia_link": "https://es.wikipedia.org/wiki/María_Auxiliadora",
        "gender": "female",
        "scale": 2,
        "category": "santa",
        "typeofroad": "primary"
      }
    },
    {
      "type": "Feature",
      "geometry": {
        "type": "LineString",
        "coordinates": [
          [
            -5.9776496,
            37.4125389
          ],
          [
            -5.9774127,
            37.4124742
          ],
          [
            -5.9766712,
            37.4122581
          ],
          [
            -5.976629,
            37.4122444
          ],
          [
            -5.9765591,
            37.4122217
          ]
        ]
      },
      "properties": {
        "name": "Calle María Laffitte",
        "id": "238760543",
        "wikipedia_link": "https://es.wikipedia.org/wiki/María_Laffitte",
        "gender": "female",
        "scale": 2,
        "category": "escritora",
        "typeofroad": "residential"
      }
    },
    {
      "type": "Feature",
      "geometry": {
        "type": "LineString",
        "coordinates": [
          [
            -5.9765591,
            37.4122217
          ],
          [
            -5.9764275,
            37.4121775
          ],
          [
            -5.9763976,
            37.4121675
          ],
          [
            -5.9760293,
            37.4120438
          ],
          [
            -5.9754324,
            37.4118687
          ],
          [
            -5.9754138,
            37.4118633
          ],
          [
            -5.975256,
            37.411819
          ],
          [
            -5.9751718,
            37.4117937
          ],
          [
            -5.9750784,
            37.4117657
          ],
          [
            -5.9748863,
            37.4117373
          ],
          [
            -5.9747865,
            37.4117435
          ],
          [
            -5.9746328,
            37.4117783
          ],
          [
            -5.9743867,
            37.4118568
          ],
          [
            -5.9743542,
            37.4118672
          ],
          [
            -5.9742833,
            37.4118912
          ]
        ]
      },
      "properties": {
        "name": "Calle María Laffitte",
        "id": "238760543",
        "wikipedia_link": "https://es.wikipedia.org/wiki/María_Laffitte",
        "gender": "female",
        "scale": 2,
        "category": "escritora",
        "typeofroad": "residential"
      }
    },
    {
      "type": "Feature",
      "geometry": {
        "type": "LineString",
        "coordinates": [
          [
            -5.9187154,
            37.410175
          ],
          [
            -5.9186831,
            37.4102351
          ],
          [
            -5.9185083,
            37.4105603
          ],
          [
            -5.9183374,
            37.4108781
          ],
          [
            -5.9181787,
            37.4111732
          ],
          [
            -5.9181192,
            37.4112838
          ],
          [
            -5.9180507,
            37.4114123
          ]
        ]
      },
      "properties": {
        "name": "Calle Emilia Barral",
        "id": "75738993",
        "wikipedia_link": "https://es.wikipedia.org/wiki/Emiliano_Barral",
        "gender": "female",
        "scale": 2,
        "category": "artista",
        "typeofroad": "residential"
      }
    },
    {
      "type": "Feature",
      "geometry": {
        "type": "LineString",
        "coordinates": [
          [
            -5.9686269,
            37.3640891
          ],
          [
            -5.9685451,
            37.3641922
          ],
          [
            -5.9684471,
            37.3643157
          ],
          [
            -5.9683936,
            37.3643817
          ],
          [
            -5.9683287,
            37.3644618
          ],
          [
            -5.9681581,
            37.3646722
          ],
          [
            -5.9681195,
            37.3647198
          ],
          [
            -5.967838,
            37.3650671
          ]
        ]
      },
      "properties": {
        "name": "Ronda Nuestra Señora de la Oliva",
        "id": "27947450",
        "wikipedia_link": "",
        "gender": "female",
        "scale": 2,
        "category": "religiosa",
        "typeofroad": "residential"
      }
    },
    {
      "type": "Feature",
      "geometry": {
        "type": "LineString",
        "coordinates": [
          [
            -5.970529,
            37.3624307
          ],
          [
            -5.9702161,
            37.362468
          ],
          [
            -5.9700611,
            37.3624865
          ],
          [
            -5.969847,
            37.3625155
          ],
          [
            -5.9697125,
            37.3625407
          ],
          [
            -5.9695191,
            37.3626167
          ],
          [
            -5.9694282,
            37.3626524
          ],
          [
            -5.9693074,
            37.3628319
          ],
          [
            -5.969131,
            37.363443
          ],
          [
            -5.9689511,
            37.3636752
          ],
          [
            -5.9687715,
            37.363907
          ],
          [
            -5.9686269,
            37.3640891
          ]
        ]
      },
      "properties": {
        "name": "Ronda Nuestra Señora de la Oliva",
        "id": "27947450",
        "wikipedia_link": "",
        "gender": "female",
        "scale": 2,
        "category": "religiosa",
        "typeofroad": "residential"
      }
    },
    {
      "type": "Feature",
      "geometry": {
        "type": "LineString",
        "coordinates": [
          [
            -5.9765631,
            37.3723836
          ],
          [
            -5.9763427,
            37.3724105
          ],
          [
            -5.9762934,
            37.3724154
          ],
          [
            -5.9760656,
            37.3724382
          ],
          [
            -5.9756057,
            37.3724841
          ]
        ]
      },
      "properties": {
        "name": "Avenida Nuestra Señora de las Mercedes",
        "id": "28327851",
        "wikipedia_link": "https://es.wikipedia.org/wiki/Nuestra_Señora_de_las_Mercedes",
        "gender": "female",
        "scale": 2,
        "category": "religiosa",
        "typeofroad": "tertiary"
      }
    },
    {
      "type": "Feature",
      "geometry": {
        "type": "LineString",
        "coordinates": [
          [
            -5.9726858,
            37.3592024
          ],
          [
            -5.9727189,
            37.3592435
          ],
          [
            -5.9727388,
            37.3592905
          ],
          [
            -5.9727499,
            37.3593232
          ],
          [
            -5.9728607,
            37.3596487
          ],
          [
            -5.9729229,
            37.3598312
          ],
          [
            -5.9730007,
            37.3600553
          ],
          [
            -5.9730241,
            37.3601228
          ],
          [
            -5.9730718,
            37.3602601
          ]
        ]
      },
      "properties": {
        "name": "Calle Victoria Domínguez Cerrato",
        "id": "34761865",
        "wikipedia_link": "",
        "gender": "female",
        "scale": 2,
        "category": "politica",
        "typeofroad": "tertiary"
      }
    },
    {
      "type": "Feature",
      "geometry": {
        "type": "LineString",
        "coordinates": [
          [
            -5.9771386,
            37.3488714
          ],
          [
            -5.9766308,
            37.3489485
          ],
          [
            -5.9765375,
            37.3489634
          ],
          [
            -5.9763705,
            37.3489904
          ]
        ]
      },
      "properties": {
        "name": "Calle Nuestra Señora del Pilar",
        "id": "196782992",
        "wikipedia_link": "",
        "gender": "female",
        "scale": 2,
        "category": "religiosa",
        "typeofroad": "tertiary"
      }
    },
    {
      "type": "Feature",
      "geometry": {
        "type": "LineString",
        "coordinates": [
          [
            -6.0057257,
            37.3805825
          ],
          [
            -6.0056328,
            37.3804992
          ],
          [
            -6.0055106,
            37.3804106
          ],
          [
            -6.0054191,
            37.3803536
          ],
          [
            -6.0053309,
            37.3803029
          ],
          [
            -6.0051315,
            37.380199
          ],
          [
            -6.0049657,
            37.380171
          ],
          [
            -6.004891,
            37.3801567
          ],
          [
            -6.0048123,
            37.3801499
          ],
          [
            -6.0047608,
            37.3801403
          ],
          [
            -6.0047093,
            37.3801306
          ],
          [
            -6.0046247,
            37.3801213
          ],
          [
            -6.0045423,
            37.3801066
          ],
          [
            -6.0043614,
            37.3800524
          ],
          [
            -6.004249,
            37.3799797
          ],
          [
            -6.0042344,
            37.3799666
          ],
          [
            -6.0041031,
            37.3798804
          ],
          [
            -6.0040138,
            37.3797998
          ],
          [
            -6.0039648,
            37.3796993
          ],
          [
            -6.0035826,
            37.379214
          ],
          [
            -6.0035142,
            37.3791242
          ],
          [
            -6.0034392,
            37.3790309
          ],
          [
            -6.0034135,
            37.3789989
          ],
          [
            -6.0033139,
            37.378857
          ],
          [
            -6.0031029,
            37.3785749
          ],
          [
            -6.0030739,
            37.3785362
          ],
          [
            -6.00304,
            37.3784979
          ]
        ]
      },
      "properties": {
        "name": "Calle Esperanza de Triana",
        "id": "29487361",
        "wikipedia_link": "",
        "gender": "female",
        "scale": 2,
        "category": "religiosa",
        "typeofroad": "residential"
      }
    },
    {
      "type": "Feature",
      "geometry": {
        "type": "LineString",
        "coordinates": [
          [
            -5.9837772,
            37.3939143
          ],
          [
            -5.9838235,
            37.3937277
          ]
        ]
      },
      "properties": {
        "name": "Calle María Auxiliadora",
        "id": "28327507",
        "wikipedia_link": "https://es.wikipedia.org/wiki/María_Auxiliadora",
        "gender": "female",
        "scale": 2,
        "category": "santa",
        "typeofroad": "primary"
      }
    },
    {
      "type": "Feature",
      "geometry": {
        "type": "LineString",
        "coordinates": [
          [
            -5.9902662,
            37.3929787
          ],
          [
            -5.9903823,
            37.3932741
          ],
          [
            -5.9904105,
            37.3933662
          ],
          [
            -5.9904581,
            37.3935725
          ],
          [
            -5.9904589,
            37.393596
          ]
        ]
      },
      "properties": {
        "name": "Calle Santa Ángela de la Cruz",
        "id": "19804755",
        "wikipedia_link": "https://es.wikipedia.org/wiki/Ángela_de_la_Cruz",
        "gender": "female",
        "scale": 2,
        "category": "santa",
        "typeofroad": "residential"
      }
    },
    {
      "type": "Feature",
      "geometry": {
        "type": "LineString",
        "coordinates": [
          [
            -5.9904589,
            37.393596
          ],
          [
            -5.9904449,
            37.3937066
          ],
          [
            -5.9904433,
            37.393815
          ],
          [
            -5.9903519,
            37.394472
          ],
          [
            -5.9902736,
            37.3948652
          ]
        ]
      },
      "properties": {
        "name": "Calle Santa Ángela de la Cruz",
        "id": "19804755",
        "wikipedia_link": "https://es.wikipedia.org/wiki/Ángela_de_la_Cruz",
        "gender": "female",
        "scale": 2,
        "category": "santa",
        "typeofroad": "residential"
      }
    },
    {
      "type": "Feature",
      "geometry": {
        "type": "LineString",
        "coordinates": [
          [
            -5.9665008,
            37.3873022
          ],
          [
            -5.9665681,
            37.3867287
          ],
          [
            -5.9666722,
            37.3858414
          ]
        ]
      },
      "properties": {
        "name": "Calle Beatriz de Suabia",
        "id": "36742820",
        "wikipedia_link": "https://es.wikipedia.org/wiki/Beatriz_de_Suabia",
        "gender": "female",
        "scale": 2,
        "category": "historica",
        "typeofroad": "pedestrian"
      }
    },
    {
      "type": "Feature",
      "geometry": {
        "type": "LineString",
        "coordinates": [
          [
            -5.9655275,
            37.3808566
          ],
          [
            -5.9653275,
            37.3803256
          ]
        ]
      },
      "properties": {
        "name": "Calle Doña María de Molina",
        "id": "30186791",
        "wikipedia_link": "https://es.wikipedia.org/wiki/María_de_Molina",
        "gender": "female",
        "scale": 2,
        "category": "historica",
        "typeofroad": "residential"
      }
    },
    {
      "type": "Feature",
      "geometry": {
        "type": "LineString",
        "coordinates": [
          [
            -5.9647138,
            37.3786963
          ],
          [
            -5.9648354,
            37.3791004
          ],
          [
            -5.9650739,
            37.3797213
          ],
          [
            -5.9653275,
            37.3803256
          ]
        ]
      },
      "properties": {
        "name": "Calle Doña María de Molina",
        "id": "30186791",
        "wikipedia_link": "https://es.wikipedia.org/wiki/María_de_Molina",
        "gender": "female",
        "scale": 2,
        "category": "historica",
        "typeofroad": "residential"
      }
    },
    {
      "type": "Feature",
      "geometry": {
        "type": "LineString",
        "coordinates": [
          [
            -5.989103,
            37.3788451
          ],
          [
            -5.9890681,
            37.3787569
          ],
          [
            -5.9890542,
            37.378681
          ],
          [
            -5.9887444,
            37.3781725
          ]
        ]
      },
      "properties": {
        "name": "Avenida Isabel la Católica",
        "id": "37522266",
        "wikipedia_link": "https://es.wikipedia.org/wiki/Isabel_I_de_Castilla",
        "gender": "female",
        "scale": 2,
        "category": "historica",
        "typeofroad": "living_street"
      }
    },
    {
      "type": "Feature",
      "geometry": {
        "type": "LineString",
        "coordinates": [
          [
            -5.9832956,
            37.3617478
          ],
          [
            -5.9831398,
            37.3618053
          ],
          [
            -5.9831005,
            37.3618198
          ],
          [
            -5.982889,
            37.3618982
          ]
        ]
      },
      "properties": {
        "name": "Calle Amalia Domingo Soler",
        "id": "247059009",
        "wikipedia_link": "https://es.wikipedia.org/wiki/Amalia_Domingo_Soler",
        "gender": "female",
        "scale": 2,
        "category": "escritora",
        "typeofroad": "pedestrian"
      }
    },
    {
      "type": "Feature",
      "geometry": {
        "type": "LineString",
        "coordinates": [
          [
            -5.982889,
            37.3618982
          ],
          [
            -5.9821062,
            37.3621879
          ]
        ]
      },
      "properties": {
        "name": "Calle Amalia Domingo Soler",
        "id": "247059009",
        "wikipedia_link": "https://es.wikipedia.org/wiki/Amalia_Domingo_Soler",
        "gender": "female",
        "scale": 2,
        "category": "escritora",
        "typeofroad": "pedestrian"
      }
    },
    {
      "type": "Feature",
      "geometry": {
        "type": "LineString",
        "coordinates": [
          [
            -5.9187482,
            37.410117
          ],
          [
            -5.9186535,
            37.4100843
          ],
          [
            -5.9173335,
            37.4096276
          ]
        ]
      },
      "properties": {
        "name": "Calle María Zambrano",
        "id": "75738985",
        "wikipedia_link": "https://es.wikipedia.org/wiki/María_Zambrano",
        "gender": "female",
        "scale": 2,
        "category": "cientifica",
        "typeofroad": "residential"
      }
    },
    {
      "type": "Feature",
      "geometry": {
        "type": "LineString",
        "coordinates": [
          [
            -5.9210536,
            37.3898633
          ],
          [
            -5.9210841,
            37.3898626
          ],
          [
            -5.9217741,
            37.3898679
          ],
          [
            -5.9219715,
            37.3898702
          ],
          [
            -5.9220719,
            37.3898713
          ],
          [
            -5.922658,
            37.389885
          ],
          [
            -5.9231133,
            37.3899274
          ],
          [
            -5.9236146,
            37.3900036
          ],
          [
            -5.9239781,
            37.3900785
          ],
          [
            -5.9240769,
            37.390101
          ],
          [
            -5.924646,
            37.3902572
          ]
        ]
      },
      "properties": {
        "name": "Calle Flora Tristán",
        "id": "76040694",
        "wikipedia_link": "https://es.wikipedia.org/wiki/Flora_Tristán",
        "gender": "female",
        "scale": 2,
        "category": "politica",
        "typeofroad": "tertiary"
      }
    },
    {
      "type": "Feature",
      "geometry": {
        "type": "LineString",
        "coordinates": [
          [
            -5.942395,
            37.3862464
          ],
          [
            -5.9422152,
            37.3864094
          ]
        ]
      },
      "properties": {
        "name": "Calle Santa Isabel",
        "id": "36743862",
        "wikipedia_link": "https://es.wikipedia.org/wiki/Santa_Isabel",
        "gender": "female",
        "scale": 2,
        "category": "santa",
        "typeofroad": "residential"
      }
    },
    {
      "type": "Feature",
      "geometry": {
        "type": "LineString",
        "coordinates": [
          [
            -5.9425581,
            37.3864271
          ],
          [
            -5.942395,
            37.3862464
          ]
        ]
      },
      "properties": {
        "name": "Calle Santa Isabel",
        "id": "36743862",
        "wikipedia_link": "https://es.wikipedia.org/wiki/Santa_Isabel",
        "gender": "female",
        "scale": 2,
        "category": "santa",
        "typeofroad": "residential"
      }
    },
    {
      "type": "Feature",
      "geometry": {
        "type": "LineString",
        "coordinates": [
          [
            -5.9666722,
            37.3858414
          ],
          [
            -5.966834,
            37.384465
          ]
        ]
      },
      "properties": {
        "name": "Calle Beatriz de Suabia",
        "id": "36742820",
        "wikipedia_link": "https://es.wikipedia.org/wiki/Beatriz_de_Suabia",
        "gender": "female",
        "scale": 2,
        "category": "historica",
        "typeofroad": "pedestrian"
      }
    },
    {
      "type": "Feature",
      "geometry": {
        "type": "LineString",
        "coordinates": [
          [
            -5.9977936,
            37.3788183
          ],
          [
            -5.9977329,
            37.3788193
          ],
          [
            -5.9976979,
            37.3788199
          ],
          [
            -5.9976199,
            37.3788212
          ]
        ]
      },
      "properties": {
        "name": "Calle Virgen de Consolación",
        "id": "29472018",
        "wikipedia_link": "",
        "gender": "female",
        "scale": 2,
        "category": "religiosa",
        "typeofroad": "residential"
      }
    },
    {
      "type": "Feature",
      "geometry": {
        "type": "LineString",
        "coordinates": [
          [
            -5.9976199,
            37.3788212
          ],
          [
            -5.9972344,
            37.3788337
          ],
          [
            -5.9971627,
            37.3788516
          ],
          [
            -5.9964823,
            37.3791119
          ]
        ]
      },
      "properties": {
        "name": "Calle Virgen de Consolación",
        "id": "29472018",
        "wikipedia_link": "",
        "gender": "female",
        "scale": 2,
        "category": "religiosa",
        "typeofroad": "residential"
      }
    },
    {
      "type": "Feature",
      "geometry": {
        "type": "LineString",
        "coordinates": [
          [
            -5.99748,
            37.3757163
          ],
          [
            -5.9975462,
            37.3757136
          ],
          [
            -5.9975998,
            37.3757115
          ],
          [
            -5.9976542,
            37.3757093
          ]
        ]
      },
      "properties": {
        "name": "Calle Virgen de Loreto",
        "id": "29472138",
        "wikipedia_link": "",
        "gender": "female",
        "scale": 2,
        "category": "religiosa",
        "typeofroad": "residential"
      }
    },
    {
      "type": "Feature",
      "geometry": {
        "type": "LineString",
        "coordinates": [
          [
            -5.9976542,
            37.3757093
          ],
          [
            -5.9981672,
            37.3756941
          ],
          [
            -5.9982346,
            37.3756921
          ],
          [
            -5.9982918,
            37.3756908
          ],
          [
            -5.998878,
            37.3756771
          ],
          [
            -5.998964,
            37.3756744
          ],
          [
            -5.9999543,
            37.3756429
          ],
          [
            -6.0000672,
            37.3756333
          ]
        ]
      },
      "properties": {
        "name": "Calle Virgen de Loreto",
        "id": "29472138",
        "wikipedia_link": "",
        "gender": "female",
        "scale": 2,
        "category": "religiosa",
        "typeofroad": "residential"
      }
    },
    {
      "type": "Feature",
      "geometry": {
        "type": "LineString",
        "coordinates": [
          [
            -5.9975618,
            37.377611
          ],
          [
            -5.9976325,
            37.377609
          ],
          [
            -5.9976814,
            37.3776077
          ],
          [
            -5.9977393,
            37.3776061
          ]
        ]
      },
      "properties": {
        "name": "Calle Virgen de Regla",
        "id": "29472061",
        "wikipedia_link": "",
        "gender": "female",
        "scale": 2,
        "category": "religiosa",
        "typeofroad": "residential"
      }
    },
    {
      "type": "Feature",
      "geometry": {
        "type": "LineString",
        "coordinates": [
          [
            -5.9959664,
            37.3776509
          ],
          [
            -5.9964608,
            37.3776359
          ],
          [
            -5.9966951,
            37.3776334
          ],
          [
            -5.996779,
            37.3776263
          ],
          [
            -5.9968936,
            37.3776241
          ],
          [
            -5.9975618,
            37.377611
          ]
        ]
      },
      "properties": {
        "name": "Calle Virgen de Regla",
        "id": "29472061",
        "wikipedia_link": "",
        "gender": "female",
        "scale": 2,
        "category": "religiosa",
        "typeofroad": "residential"
      }
    },
    {
      "type": "Feature",
      "geometry": {
        "type": "LineString",
        "coordinates": [
          [
            -5.9977023,
            37.3767656
          ],
          [
            -5.9976455,
            37.376767
          ],
          [
            -5.9975931,
            37.3767682
          ],
          [
            -5.9975267,
            37.3767698
          ]
        ]
      },
      "properties": {
        "name": "Calle Virgen de la Victoria",
        "id": "29472065",
        "wikipedia_link": "",
        "gender": "female",
        "scale": 2,
        "category": "religiosa",
        "typeofroad": "residential"
      }
    },
    {
      "type": "Feature",
      "geometry": {
        "type": "LineString",
        "coordinates": [
          [
            -5.9975267,
            37.3767698
          ],
          [
            -5.9974679,
            37.3767707
          ],
          [
            -5.9967691,
            37.3767826
          ],
          [
            -5.9958165,
            37.3768035
          ]
        ]
      },
      "properties": {
        "name": "Calle Virgen de la Victoria",
        "id": "29472065",
        "wikipedia_link": "",
        "gender": "female",
        "scale": 2,
        "category": "religiosa",
        "typeofroad": "residential"
      }
    },
    {
      "type": "Feature",
      "geometry": {
        "type": "LineString",
        "coordinates": [
          [
            -5.9226223,
            37.398015
          ],
          [
            -5.922683,
            37.3979879
          ],
          [
            -5.9234722,
            37.397635
          ]
        ]
      },
      "properties": {
        "name": "Calle Fernanda Calado Rosales",
        "id": "37590841",
        "wikipedia_link": "",
        "gender": "female",
        "scale": 2,
        "category": "historica",
        "typeofroad": "residential"
      }
    },
    {
      "type": "Feature",
      "geometry": {
        "type": "LineString",
        "coordinates": [
          [
            -6.0073318,
            37.3803279
          ],
          [
            -6.0072351,
            37.380386
          ],
          [
            -6.0071812,
            37.3804622
          ],
          [
            -6.0071749,
            37.3805046
          ],
          [
            -6.0071906,
            37.3805509
          ],
          [
            -6.0072288,
            37.3805871
          ],
          [
            -6.0072796,
            37.3806094
          ],
          [
            -6.0073336,
            37.3806146
          ],
          [
            -6.0073879,
            37.3806031
          ],
          [
            -6.0074335,
            37.3805878
          ],
          [
            -6.007525,
            37.3805325
          ],
          [
            -6.0073318,
            37.3803279
          ]
        ]
      },
      "properties": {
        "name": "Patio de María Auxiliadora",
        "id": "296300523",
        "wikipedia_link": "",
        "gender": "female",
        "scale": 2,
        "category": "santa",
        "typeofroad": "pedestrian"
      }
    },
    {
      "type": "Feature",
      "geometry": {
        "type": "LineString",
        "coordinates": [
          [
            -6.0026378,
            37.3779434
          ],
          [
            -6.002982,
            37.3777669
          ],
          [
            -6.0038163,
            37.3773379
          ],
          [
            -6.0039176,
            37.3772877
          ]
        ]
      },
      "properties": {
        "name": "Calle Virgen de Belén",
        "id": "297446091",
        "wikipedia_link": "",
        "gender": "female",
        "scale": 2,
        "category": "religiosa",
        "typeofroad": "residential"
      }
    },
    {
      "type": "Feature",
      "geometry": {
        "type": "LineString",
        "coordinates": [
          [
            -5.9956471,
            37.4033558
          ],
          [
            -5.9955926,
            37.4033278
          ],
          [
            -5.9955362,
            37.4032989
          ]
        ]
      },
      "properties": {
        "name": "Plaza Duquesa Cayetana de Alba",
        "id": "19746878",
        "wikipedia_link": "https://es.wikipedia.org/wiki/Cayetana_Fitz-James_Stuart",
        "gender": "female",
        "scale": 2,
        "category": "historica",
        "typeofroad": "primary"
      }
    },
    {
      "type": "Feature",
      "geometry": {
        "type": "LineString",
        "coordinates": [
          [
            -5.9764458,
            37.3544049
          ],
          [
            -5.9763426,
            37.3542898
          ],
          [
            -5.9765115,
            37.3542066
          ],
          [
            -5.9761918,
            37.3537945
          ],
          [
            -5.9767034,
            37.3538199
          ],
          [
            -5.9772327,
            37.353825
          ],
          [
            -5.9774143,
            37.35374
          ],
          [
            -5.9775129,
            37.3538649
          ],
          [
            -5.9764458,
            37.3544049
          ]
        ]
      },
      "properties": {
        "name": "Plaza Farmacéutica Margarita González",
        "id": "299531408",
        "wikipedia_link": "",
        "gender": "female",
        "scale": 2,
        "category": "cientifica",
        "typeofroad": "pedestrian"
      }
    },
    {
      "type": "Feature",
      "geometry": {
        "type": "LineString",
        "coordinates": [
          [
            -5.9888027,
            37.3994253
          ],
          [
            -5.9888483,
            37.3995666
          ]
        ]
      },
      "properties": {
        "name": "Calle Virgen del Subterráneo",
        "id": "82031683",
        "wikipedia_link": "",
        "gender": "female",
        "scale": 2,
        "category": "religiosa",
        "typeofroad": "pedestrian"
      }
    },
    {
      "type": "Feature",
      "geometry": {
        "type": "LineString",
        "coordinates": [
          [
            -5.9950242,
            37.3977507
          ],
          [
            -5.9947527,
            37.3976564
          ],
          [
            -5.994233,
            37.3975611
          ]
        ]
      },
      "properties": {
        "name": "Calle Santa Ana",
        "id": "196285691",
        "wikipedia_link": "",
        "gender": "female",
        "scale": 2,
        "category": "santa",
        "typeofroad": "living_street"
      }
    },
    {
      "type": "Feature",
      "geometry": {
        "type": "LineString",
        "coordinates": [
          [
            -5.9833007,
            37.3796586
          ],
          [
            -5.9832821,
            37.3796285
          ]
        ]
      },
      "properties": {
        "name": "Glorieta Doña María de las Mercedes de Borbón y Orleans",
        "id": "22744108",
        "wikipedia_link": "https://es.wikipedia.org/wiki/Mercedes_de_Orleáns",
        "gender": "female",
        "scale": 2,
        "category": "historica",
        "typeofroad": "primary"
      }
    },
    {
      "type": "Feature",
      "geometry": {
        "type": "LineString",
        "coordinates": [
          [
            -5.9832821,
            37.3796285
          ],
          [
            -5.9832305,
            37.3795755
          ],
          [
            -5.9831631,
            37.3795352
          ],
          [
            -5.9830847,
            37.3795105
          ]
        ]
      },
      "properties": {
        "name": "Glorieta Doña María de las Mercedes de Borbón y Orleans",
        "id": "22744108",
        "wikipedia_link": "https://es.wikipedia.org/wiki/Mercedes_de_Orleáns",
        "gender": "female",
        "scale": 2,
        "category": "historica",
        "typeofroad": "primary"
      }
    },
    {
      "type": "Feature",
      "geometry": {
        "type": "LineString",
        "coordinates": [
          [
            -5.9827152,
            37.3798462
          ],
          [
            -5.9827562,
            37.3799052
          ],
          [
            -5.9828102,
            37.379949
          ],
          [
            -5.9828717,
            37.3799799
          ],
          [
            -5.9829405,
            37.3799988
          ]
        ]
      },
      "properties": {
        "name": "Glorieta Doña María de las Mercedes de Borbón y Orleans",
        "id": "22744108",
        "wikipedia_link": "https://es.wikipedia.org/wiki/Mercedes_de_Orleáns",
        "gender": "female",
        "scale": 2,
        "category": "historica",
        "typeofroad": "primary"
      }
    },
    {
      "type": "Feature",
      "geometry": {
        "type": "LineString",
        "coordinates": [
          [
            -5.9832801,
            37.3798821
          ],
          [
            -5.9832973,
            37.3798557
          ],
          [
            -5.9833123,
            37.3798226
          ],
          [
            -5.9833239,
            37.3797398
          ],
          [
            -5.9833007,
            37.3796586
          ]
        ]
      },
      "properties": {
        "name": "Glorieta Doña María de las Mercedes de Borbón y Orleans",
        "id": "22744108",
        "wikipedia_link": "https://es.wikipedia.org/wiki/Mercedes_de_Orleáns",
        "gender": "female",
        "scale": 2,
        "category": "historica",
        "typeofroad": "primary"
      }
    },
    {
      "type": "Feature",
      "geometry": {
        "type": "LineString",
        "coordinates": [
          [
            -5.9828084,
            37.3795601
          ],
          [
            -5.9827542,
            37.3796056
          ],
          [
            -5.9827159,
            37.3796603
          ],
          [
            -5.9827015,
            37.3796963
          ],
          [
            -5.9826939,
            37.3797721
          ],
          [
            -5.9827152,
            37.3798462
          ]
        ]
      },
      "properties": {
        "name": "Glorieta Doña María de las Mercedes de Borbón y Orleans",
        "id": "22744108",
        "wikipedia_link": "https://es.wikipedia.org/wiki/Mercedes_de_Orleáns",
        "gender": "female",
        "scale": 2,
        "category": "historica",
        "typeofroad": "primary"
      }
    },
    {
      "type": "Feature",
      "geometry": {
        "type": "LineString",
        "coordinates": [
          [
            -5.9874372,
            37.3827273
          ],
          [
            -5.9874774,
            37.3827108
          ],
          [
            -5.9875149,
            37.3826413
          ],
          [
            -5.9874969,
            37.3826048
          ],
          [
            -5.9874477,
            37.3825922
          ],
          [
            -5.9872566,
            37.382543
          ],
          [
            -5.9870566,
            37.3825099
          ],
          [
            -5.9870229,
            37.3825081
          ],
          [
            -5.9869959,
            37.3825239
          ],
          [
            -5.9869763,
            37.3825738
          ],
          [
            -5.9869796,
            37.3825962
          ],
          [
            -5.9870003,
            37.3826142
          ],
          [
            -5.9873939,
            37.3827161
          ],
          [
            -5.9874372,
            37.3827273
          ]
        ]
      },
      "properties": {
        "name": "Plaza Alcaldesa Soledad Becerril",
        "id": "22295867",
        "wikipedia_link": "https://es.wikipedia.org/wiki/Soledad_Becerril",
        "gender": "female",
        "scale": 2,
        "category": "politica",
        "typeofroad": "tertiary"
      }
    },
    {
      "type": "Feature",
      "geometry": {
        "type": "LineString",
        "coordinates": [
          [
            -5.9827911,
            37.3954001
          ],
          [
            -5.9828978,
            37.3952561
          ],
          [
            -5.9829925,
            37.3951282
          ],
          [
            -5.9830351,
            37.3950707
          ],
          [
            -5.9832889,
            37.3947281
          ]
        ]
      },
      "properties": {
        "name": "Calle María Auxiliadora",
        "id": "28327507",
        "wikipedia_link": "https://es.wikipedia.org/wiki/María_Auxiliadora",
        "gender": "female",
        "scale": 2,
        "category": "santa",
        "typeofroad": "primary"
      }
    },
    {
      "type": "Feature",
      "geometry": {
        "type": "LineString",
        "coordinates": [
          [
            -5.9895596,
            37.3874982
          ],
          [
            -5.9895531,
            37.3875777
          ]
        ]
      },
      "properties": {
        "name": "Calle Fabiola",
        "id": "19790070",
        "wikipedia_link": "https://es.wikipedia.org/wiki/Fabiola",
        "gender": "female",
        "scale": 2,
        "category": "santa",
        "typeofroad": "living_street"
      }
    },
    {
      "type": "Feature",
      "geometry": {
        "type": "LineString",
        "coordinates": [
          [
            -5.9850546,
            37.4000326
          ],
          [
            -5.984824,
            37.4001918
          ],
          [
            -5.9847956,
            37.4002114
          ],
          [
            -5.984718,
            37.4002585
          ],
          [
            -5.9846744,
            37.400285
          ]
        ]
      },
      "properties": {
        "name": "Calle Madre Dolores Márquez",
        "id": "183408328",
        "wikipedia_link": "",
        "gender": "female",
        "scale": 2,
        "category": "religiosa",
        "typeofroad": "residential"
      }
    },
    {
      "type": "Feature",
      "geometry": {
        "type": "LineString",
        "coordinates": [
          [
            -5.9818027,
            37.396776
          ],
          [
            -5.9823757,
            37.3959767
          ],
          [
            -5.9824578,
            37.3958633
          ],
          [
            -5.9826303,
            37.3956236
          ],
          [
            -5.9826622,
            37.3955793
          ],
          [
            -5.9827911,
            37.3954001
          ]
        ]
      },
      "properties": {
        "name": "Calle María Auxiliadora",
        "id": "28327507",
        "wikipedia_link": "https://es.wikipedia.org/wiki/María_Auxiliadora",
        "gender": "female",
        "scale": 2,
        "category": "santa",
        "typeofroad": "primary"
      }
    },
    {
      "type": "Feature",
      "geometry": {
        "type": "LineString",
        "coordinates": [
          [
            -5.9960163,
            37.4018558
          ],
          [
            -5.9961864,
            37.4013777
          ],
          [
            -5.9962498,
            37.4011721
          ],
          [
            -5.9962643,
            37.4011212
          ],
          [
            -5.996311,
            37.4009637
          ],
          [
            -5.996317,
            37.4009365
          ],
          [
            -5.9964224,
            37.400335
          ],
          [
            -5.9964625,
            37.4000328
          ],
          [
            -5.9965136,
            37.3997804
          ],
          [
            -5.9965795,
            37.399546
          ],
          [
            -5.996614,
            37.3993821
          ],
          [
            -5.9966218,
            37.399344
          ]
        ]
      },
      "properties": {
        "name": "Calle Santa Clara",
        "id": "22742213",
        "wikipedia_link": "https://es.wikipedia.org/wiki/Santa_Clara",
        "gender": "female",
        "scale": 2,
        "category": "santa",
        "typeofroad": "living_street"
      }
    },
    {
      "type": "Feature",
      "geometry": {
        "type": "LineString",
        "coordinates": [
          [
            -5.9769089,
            37.3723413
          ],
          [
            -5.9765631,
            37.3723836
          ]
        ]
      },
      "properties": {
        "name": "Avenida Nuestra Señora de las Mercedes",
        "id": "28327851",
        "wikipedia_link": "https://es.wikipedia.org/wiki/Nuestra_Señora_de_las_Mercedes",
        "gender": "female",
        "scale": 2,
        "category": "religiosa",
        "typeofroad": "tertiary"
      }
    },
    {
      "type": "Feature",
      "geometry": {
        "type": "LineString",
        "coordinates": [
          [
            -5.988952,
            37.3946028
          ],
          [
            -5.9890494,
            37.3945179
          ],
          [
            -5.9892253,
            37.3941635
          ],
          [
            -5.9895362,
            37.3935041
          ]
        ]
      },
      "properties": {
        "name": "Calle Doña María Coronel",
        "id": "19804753",
        "wikipedia_link": "",
        "gender": "female",
        "scale": 2,
        "category": "religiosa",
        "typeofroad": "residential"
      }
    },
    {
      "type": "Feature",
      "geometry": {
        "type": "LineString",
        "coordinates": [
          [
            -5.9672979,
            37.4115606
          ],
          [
            -5.9673094,
            37.411552
          ],
          [
            -5.9673616,
            37.4115132
          ],
          [
            -5.9679215,
            37.4110485
          ],
          [
            -5.968292,
            37.410744
          ],
          [
            -5.9683865,
            37.4106674
          ],
          [
            -5.9684232,
            37.4106357
          ],
          [
            -5.9688024,
            37.4103222
          ],
          [
            -5.9689288,
            37.4102211
          ],
          [
            -5.9691524,
            37.4100419
          ],
          [
            -5.969246,
            37.4099651
          ],
          [
            -5.9699193,
            37.409412
          ],
          [
            -5.9704313,
            37.4090142
          ],
          [
            -5.9704613,
            37.4089884
          ],
          [
            -5.9705531,
            37.4089095
          ]
        ]
      },
      "properties": {
        "name": "Avenida de la Mujer Trabajadora",
        "id": "34760698",
        "wikipedia_link": "",
        "gender": "female",
        "scale": 2,
        "category": "historica",
        "typeofroad": "tertiary"
      }
    },
    {
      "type": "Feature",
      "geometry": {
        "type": "LineString",
        "coordinates": [
          [
            -6.0047484,
            37.4054905
          ],
          [
            -6.0046415,
            37.4054731
          ],
          [
            -6.0035124,
            37.4052896
          ]
        ]
      },
      "properties": {
        "name": "Calle Marie Curie",
        "id": "54725715",
        "wikipedia_link": "https://es.wikipedia.org/wiki/Marie_Curie",
        "gender": "female",
        "scale": 2,
        "category": "cientifica",
        "typeofroad": "residential"
      }
    },
    {
      "type": "Feature",
      "geometry": {
        "type": "LineString",
        "coordinates": [
          [
            -5.966834,
            37.384465
          ],
          [
            -5.967003,
            37.3830823
          ]
        ]
      },
      "properties": {
        "name": "Calle Beatriz de Suabia",
        "id": "36742820",
        "wikipedia_link": "https://es.wikipedia.org/wiki/Beatriz_de_Suabia",
        "gender": "female",
        "scale": 2,
        "category": "historica",
        "typeofroad": "pedestrian"
      }
    },
    {
      "type": "Feature",
      "geometry": {
        "type": "LineString",
        "coordinates": [
          [
            -5.967003,
            37.3830823
          ],
          [
            -5.9671486,
            37.3818944
          ],
          [
            -5.9671533,
            37.3818523
          ],
          [
            -5.9671554,
            37.3818254
          ],
          [
            -5.9671633,
            37.3817082
          ],
          [
            -5.9672719,
            37.3808766
          ],
          [
            -5.9673513,
            37.3801993
          ],
          [
            -5.9675292,
            37.3788041
          ],
          [
            -5.9676085,
            37.3786363
          ],
          [
            -5.9678281,
            37.3781714
          ],
          [
            -5.96803,
            37.377709
          ]
        ]
      },
      "properties": {
        "name": "Calle Beatriz de Suabia",
        "id": "36742820",
        "wikipedia_link": "https://es.wikipedia.org/wiki/Beatriz_de_Suabia",
        "gender": "female",
        "scale": 2,
        "category": "historica",
        "typeofroad": "pedestrian"
      }
    },
    {
      "type": "Feature",
      "geometry": {
        "type": "LineString",
        "coordinates": [
          [
            -5.9675775,
            37.37757
          ],
          [
            -5.968269,
            37.3761
          ]
        ]
      },
      "properties": {
        "name": "Calle Beatriz de Suabia",
        "id": "36742820",
        "wikipedia_link": "https://es.wikipedia.org/wiki/Beatriz_de_Suabia",
        "gender": "female",
        "scale": 2,
        "category": "historica",
        "typeofroad": "pedestrian"
      }
    },
    {
      "type": "Feature",
      "geometry": {
        "type": "LineString",
        "coordinates": [
          [
            -5.968269,
            37.3761
          ],
          [
            -5.9685881,
            37.3754227
          ],
          [
            -5.968601,
            37.3753953
          ],
          [
            -5.9686418,
            37.3753038
          ]
        ]
      },
      "properties": {
        "name": "Calle Beatriz de Suabia",
        "id": "36742820",
        "wikipedia_link": "https://es.wikipedia.org/wiki/Beatriz_de_Suabia",
        "gender": "female",
        "scale": 2,
        "category": "historica",
        "typeofroad": "pedestrian"
      }
    },
    {
      "type": "Feature",
      "geometry": {
        "type": "LineString",
        "coordinates": [
          [
            -5.9495496,
            37.3655803
          ],
          [
            -5.9492186,
            37.3657645
          ]
        ]
      },
      "properties": {
        "name": "Calle Carmen Vendrell",
        "id": "36276103",
        "wikipedia_link": "",
        "gender": "female",
        "scale": 2,
        "category": "historica",
        "typeofroad": "residential"
      }
    },
    {
      "type": "Feature",
      "geometry": {
        "type": "LineString",
        "coordinates": [
          [
            -5.9492186,
            37.3657645
          ],
          [
            -5.9495601,
            37.3657764
          ]
        ]
      },
      "properties": {
        "name": "Calle Carmen Vendrell",
        "id": "36276103",
        "wikipedia_link": "",
        "gender": "female",
        "scale": 2,
        "category": "historica",
        "typeofroad": "residential"
      }
    },
    {
      "type": "Feature",
      "geometry": {
        "type": "LineString",
        "coordinates": [
          [
            -6.004317,
            37.3734844
          ],
          [
            -6.0042219,
            37.3734726
          ],
          [
            -6.0041105,
            37.3734212
          ],
          [
            -6.0040293,
            37.3733418
          ],
          [
            -6.0039972,
            37.3732339
          ],
          [
            -6.0039975,
            37.3732022
          ],
          [
            -6.003996,
            37.3731508
          ],
          [
            -6.0040087,
            37.3731147
          ],
          [
            -6.004045,
            37.3730483
          ],
          [
            -6.0041578,
            37.3729625
          ],
          [
            -6.0041842,
            37.3729554
          ],
          [
            -6.0043414,
            37.3729322
          ],
          [
            -6.004461,
            37.3729377
          ],
          [
            -6.0045554,
            37.3729846
          ],
          [
            -6.0045934,
            37.3730035
          ],
          [
            -6.0046459,
            37.3730712
          ],
          [
            -6.0046724,
            37.3731119
          ],
          [
            -6.0046964,
            37.3731789
          ],
          [
            -6.0046955,
            37.3732199
          ],
          [
            -6.0046844,
            37.3732608
          ],
          [
            -6.0046624,
            37.3733159
          ],
          [
            -6.0046353,
            37.373354
          ],
          [
            -6.0046225,
            37.3733739
          ],
          [
            -6.0045913,
            37.3734003
          ],
          [
            -6.0045525,
            37.3734256
          ],
          [
            -6.0045182,
            37.3734394
          ],
          [
            -6.0044776,
            37.3734535
          ],
          [
            -6.0044094,
            37.3734751
          ],
          [
            -6.0043644,
            37.373487
          ],
          [
            -6.004317,
            37.3734844
          ]
        ]
      },
      "properties": {
        "name": "Glorieta Poeta María de los Reyes Fuentes",
        "id": "346507784",
        "wikipedia_link": "https://es.wikipedia.org/wiki/María_de_los_Reyes_Fuentes",
        "gender": "female",
        "scale": 2,
        "category": "escritora",
        "typeofroad": "footway"
      }
    },
    {
      "type": "Feature",
      "geometry": {
        "type": "LineString",
        "coordinates": [
          [
            -5.9697211,
            37.3235494
          ],
          [
            -5.9692608,
            37.3236045
          ]
        ]
      },
      "properties": {
        "name": "Calle Isabel Chéix",
        "id": "79264159",
        "wikipedia_link": "",
        "gender": "female",
        "scale": 2,
        "category": "historica",
        "typeofroad": "residential"
      }
    },
    {
      "type": "Feature",
      "geometry": {
        "type": "LineString",
        "coordinates": [
          [
            -5.9860676,
            37.3942103
          ],
          [
            -5.9860532,
            37.3942176
          ],
          [
            -5.9858919,
            37.39433
          ],
          [
            -5.985838,
            37.3943667
          ],
          [
            -5.9858239,
            37.3943749
          ]
        ]
      },
      "properties": {
        "name": "Pasaje Virgen de los Gitanos",
        "id": "37530630",
        "wikipedia_link": "",
        "gender": "female",
        "scale": 2,
        "category": "religiosa",
        "typeofroad": "pedestrian"
      }
    },
    {
      "type": "Feature",
      "geometry": {
        "type": "LineString",
        "coordinates": [
          [
            -5.9949275,
            37.3965834
          ],
          [
            -5.9947586,
            37.3968434
          ]
        ]
      },
      "properties": {
        "name": "Calle Ana Orantes",
        "id": "28069331",
        "wikipedia_link": "https://es.wikipedia.org/wiki/Ana_Orantes",
        "gender": "female",
        "scale": 2,
        "category": "historica",
        "typeofroad": "living_street"
      }
    },
    {
      "type": "Feature",
      "geometry": {
        "type": "LineString",
        "coordinates": [
          [
            -5.9884941,
            37.3948702
          ],
          [
            -5.9885338,
            37.3948629
          ],
          [
            -5.988952,
            37.3946028
          ]
        ]
      },
      "properties": {
        "name": "Calle Doña María Coronel",
        "id": "19804753",
        "wikipedia_link": "",
        "gender": "female",
        "scale": 2,
        "category": "religiosa",
        "typeofroad": "residential"
      }
    },
    {
      "type": "Feature",
      "geometry": {
        "type": "LineString",
        "coordinates": [
          [
            -5.9895362,
            37.3935041
          ],
          [
            -5.9895899,
            37.3933438
          ],
          [
            -5.9897774,
            37.392651
          ],
          [
            -5.9897854,
            37.3926216
          ],
          [
            -5.9898308,
            37.3924823
          ]
        ]
      },
      "properties": {
        "name": "Calle Doña María Coronel",
        "id": "19804753",
        "wikipedia_link": "",
        "gender": "female",
        "scale": 2,
        "category": "religiosa",
        "typeofroad": "residential"
      }
    },
    {
      "type": "Feature",
      "geometry": {
        "type": "LineString",
        "coordinates": [
          [
            -5.9874828,
            37.3988702
          ],
          [
            -5.9876443,
            37.3988466
          ],
          [
            -5.9879607,
            37.398843
          ],
          [
            -5.9881585,
            37.3988353
          ]
        ]
      },
      "properties": {
        "name": "Calle Santa Marina",
        "id": "68692084",
        "wikipedia_link": "",
        "gender": "female",
        "scale": 2,
        "category": "santa",
        "typeofroad": "pedestrian"
      }
    },
    {
      "type": "Feature",
      "geometry": {
        "type": "LineString",
        "coordinates": [
          [
            -5.9944969,
            37.4015324
          ],
          [
            -5.9944313,
            37.4015054
          ],
          [
            -5.9941402,
            37.4013231
          ]
        ]
      },
      "properties": {
        "name": "Calle Estrellita Castro",
        "id": "28070769",
        "wikipedia_link": "https://es.wikipedia.org/wiki/Estrellita_Castro",
        "gender": "female",
        "scale": 2,
        "category": "artista",
        "typeofroad": "living_street"
      }
    },
    {
      "type": "Feature",
      "geometry": {
        "type": "LineString",
        "coordinates": [
          [
            -5.9203174,
            37.3916321
          ],
          [
            -5.9212109,
            37.3916796
          ],
          [
            -5.9212624,
            37.3916823
          ]
        ]
      },
      "properties": {
        "name": "Calle María Bohorquez",
        "id": "363771664",
        "wikipedia_link": "",
        "gender": "female",
        "scale": 2,
        "category": "historica",
        "typeofroad": "service"
      }
    },
    {
      "type": "Feature",
      "geometry": {
        "type": "LineString",
        "coordinates": [
          [
            -5.9224542,
            37.4008324
          ],
          [
            -5.9220518,
            37.4002524
          ],
          [
            -5.9220186,
            37.4002045
          ]
        ]
      },
      "properties": {
        "name": "Calle Felicidad Abril de Dios",
        "id": "363774986",
        "wikipedia_link": "",
        "gender": "female",
        "scale": 2,
        "category": "historica",
        "typeofroad": "pedestrian"
      }
    },
    {
      "type": "Feature",
      "geometry": {
        "type": "LineString",
        "coordinates": [
          [
            -5.973796,
            37.4039678
          ],
          [
            -5.9737703,
            37.4037692
          ],
          [
            -5.9736713,
            37.4037132
          ],
          [
            -5.9736256,
            37.403689
          ],
          [
            -5.973508,
            37.4038291
          ]
        ]
      },
      "properties": {
        "name": "Calle Santa Maria del Reposo",
        "id": "69736128",
        "wikipedia_link": "",
        "gender": "female",
        "scale": 2,
        "category": "santa",
        "typeofroad": "residential"
      }
    },
    {
      "type": "Feature",
      "geometry": {
        "type": "LineString",
        "coordinates": [
          [
            -5.9730234,
            37.4037739
          ],
          [
            -5.9729557,
            37.4038459
          ]
        ]
      },
      "properties": {
        "name": "Calle Santa Maria del Reposo",
        "id": "69736128",
        "wikipedia_link": "",
        "gender": "female",
        "scale": 2,
        "category": "santa",
        "typeofroad": "residential"
      }
    },
    {
      "type": "Feature",
      "geometry": {
        "type": "LineString",
        "coordinates": [
          [
            -5.9956768,
            37.3979189
          ],
          [
            -5.9967173,
            37.3981803
          ],
          [
            -5.9967765,
            37.3981984
          ]
        ]
      },
      "properties": {
        "name": "Calle Santa Ana",
        "id": "196285691",
        "wikipedia_link": "",
        "gender": "female",
        "scale": 2,
        "category": "santa",
        "typeofroad": "living_street"
      }
    },
    {
      "type": "Feature",
      "geometry": {
        "type": "LineString",
        "coordinates": [
          [
            -5.9967765,
            37.3981984
          ],
          [
            -5.9972767,
            37.3983498
          ],
          [
            -5.9973443,
            37.3983677
          ]
        ]
      },
      "properties": {
        "name": "Calle Santa Ana",
        "id": "196285691",
        "wikipedia_link": "",
        "gender": "female",
        "scale": 2,
        "category": "santa",
        "typeofroad": "living_street"
      }
    },
    {
      "type": "Feature",
      "geometry": {
        "type": "LineString",
        "coordinates": [
          [
            -5.9973443,
            37.3983677
          ],
          [
            -5.9979073,
            37.3985132
          ],
          [
            -5.9985677,
            37.3986727
          ]
        ]
      },
      "properties": {
        "name": "Calle Santa Ana",
        "id": "196285691",
        "wikipedia_link": "",
        "gender": "female",
        "scale": 2,
        "category": "santa",
        "typeofroad": "living_street"
      }
    },
    {
      "type": "Feature",
      "geometry": {
        "type": "LineString",
        "coordinates": [
          [
            -5.9966218,
            37.399344
          ],
          [
            -5.996628,
            37.399313
          ],
          [
            -5.9967102,
            37.3987688
          ],
          [
            -5.996777,
            37.3982559
          ],
          [
            -5.9967765,
            37.3981984
          ]
        ]
      },
      "properties": {
        "name": "Calle Santa Clara",
        "id": "22742213",
        "wikipedia_link": "https://es.wikipedia.org/wiki/Santa_Clara",
        "gender": "female",
        "scale": 2,
        "category": "santa",
        "typeofroad": "living_street"
      }
    },
    {
      "type": "Feature",
      "geometry": {
        "type": "LineString",
        "coordinates": [
          [
            -5.9169332,
            37.3994886
          ],
          [
            -5.9174268,
            37.4001705
          ],
          [
            -5.917792,
            37.4006694
          ],
          [
            -5.9178445,
            37.400741
          ],
          [
            -5.9185969,
            37.4017684
          ]
        ]
      },
      "properties": {
        "name": "Paseo Locutora Eva Montesinos",
        "id": "366636894",
        "wikipedia_link": "",
        "gender": "female",
        "scale": 2,
        "category": "artista",
        "typeofroad": "pedestrian"
      }
    },
    {
      "type": "Feature",
      "geometry": {
        "type": "LineString",
        "coordinates": [
          [
            -5.988742,
            37.3867656
          ],
          [
            -5.9886879,
            37.3867269
          ],
          [
            -5.9886158,
            37.3866647
          ],
          [
            -5.9885432,
            37.3865962
          ],
          [
            -5.9885059,
            37.386565
          ]
        ]
      },
      "properties": {
        "name": "Calle Fabiola",
        "id": "19790070",
        "wikipedia_link": "https://es.wikipedia.org/wiki/Fabiola",
        "gender": "female",
        "scale": 2,
        "category": "santa",
        "typeofroad": "living_street"
      }
    },
    {
      "type": "Feature",
      "geometry": {
        "type": "LineString",
        "coordinates": [
          [
            -5.9960109,
            37.389962
          ],
          [
            -5.9957667,
            37.3899668
          ],
          [
            -5.9951234,
            37.3900823
          ]
        ]
      },
      "properties": {
        "name": "Calle Rosario",
        "id": "18979198",
        "wikipedia_link": "https://es.wikipedia.org/wiki/Rosario",
        "gender": "female",
        "scale": 2,
        "category": "historica",
        "typeofroad": "living_street"
      }
    },
    {
      "type": "Feature",
      "geometry": {
        "type": "LineString",
        "coordinates": [
          [
            -5.9144815,
            37.390776
          ],
          [
            -5.914553,
            37.3907255
          ],
          [
            -5.9146041,
            37.3906698
          ],
          [
            -5.9146831,
            37.3904711
          ],
          [
            -5.9147144,
            37.3903149
          ],
          [
            -5.9147158,
            37.3901636
          ],
          [
            -5.9146688,
            37.3899674
          ],
          [
            -5.9145655,
            37.3897737
          ],
          [
            -5.9145568,
            37.389764
          ]
        ]
      },
      "properties": {
        "name": "Glorieta Carmen Olmedo Checa",
        "id": "142236543",
        "wikipedia_link": "",
        "gender": "female",
        "scale": 2,
        "category": "historica",
        "typeofroad": "tertiary"
      }
    },
    {
      "type": "Feature",
      "geometry": {
        "type": "LineString",
        "coordinates": [
          [
            -5.9839401,
            37.3741564
          ],
          [
            -5.9839444,
            37.3741097
          ],
          [
            -5.983971,
            37.3737151
          ],
          [
            -5.9840177,
            37.3730902
          ]
        ]
      },
      "properties": {
        "name": "Calle Santa Rosa",
        "id": "55495096",
        "wikipedia_link": "https://es.wikipedia.org/wiki/Santa_Rosa",
        "gender": "female",
        "scale": 2,
        "category": "santa",
        "typeofroad": "residential"
      }
    },
    {
      "type": "Feature",
      "geometry": {
        "type": "LineString",
        "coordinates": [
          [
            -5.9756057,
            37.3724841
          ],
          [
            -5.9744946,
            37.3726073
          ],
          [
            -5.974458,
            37.3726111
          ],
          [
            -5.9742607,
            37.3726318
          ],
          [
            -5.9739807,
            37.3726682
          ],
          [
            -5.9738886,
            37.3726889
          ],
          [
            -5.9738193,
            37.3727119
          ]
        ]
      },
      "properties": {
        "name": "Avenida Nuestra Señora de las Mercedes",
        "id": "28327851",
        "wikipedia_link": "https://es.wikipedia.org/wiki/Nuestra_Señora_de_las_Mercedes",
        "gender": "female",
        "scale": 2,
        "category": "religiosa",
        "typeofroad": "tertiary"
      }
    },
    {
      "type": "Feature",
      "geometry": {
        "type": "LineString",
        "coordinates": [
          [
            -5.965794,
            37.3645225
          ],
          [
            -5.9664761,
            37.3650914
          ]
        ]
      },
      "properties": {
        "name": "Calle Madre del Creador",
        "id": "370395565",
        "wikipedia_link": "",
        "gender": "female",
        "scale": 2,
        "category": "religiosa",
        "typeofroad": "pedestrian"
      }
    },
    {
      "type": "Feature",
      "geometry": {
        "type": "LineString",
        "coordinates": [
          [
            -5.9672769,
            37.3657593
          ],
          [
            -5.9672353,
            37.3658106
          ],
          [
            -5.9672129,
            37.3658383
          ],
          [
            -5.9671092,
            37.3659661
          ],
          [
            -5.9669815,
            37.3661237
          ],
          [
            -5.96677,
            37.3663847
          ],
          [
            -5.966717,
            37.36645
          ],
          [
            -5.9666054,
            37.3665876
          ]
        ]
      },
      "properties": {
        "name": "Ronda Nuestra Señora de la Oliva",
        "id": "27947450",
        "wikipedia_link": "",
        "gender": "female",
        "scale": 2,
        "category": "religiosa",
        "typeofroad": "residential"
      }
    },
    {
      "type": "Feature",
      "geometry": {
        "type": "LineString",
        "coordinates": [
          [
            -5.9662121,
            37.3652965
          ],
          [
            -5.966092,
            37.3651996
          ],
          [
            -5.9658938,
            37.3650397
          ],
          [
            -5.9655172,
            37.3647357
          ],
          [
            -5.9652693,
            37.3645357
          ],
          [
            -5.9651786,
            37.3644625
          ]
        ]
      },
      "properties": {
        "name": "Calle Madre del Creador",
        "id": "370395565",
        "wikipedia_link": "",
        "gender": "female",
        "scale": 2,
        "category": "religiosa",
        "typeofroad": "pedestrian"
      }
    },
    {
      "type": "Feature",
      "geometry": {
        "type": "LineString",
        "coordinates": [
          [
            -5.9664761,
            37.3650914
          ],
          [
            -5.9672769,
            37.3657593
          ]
        ]
      },
      "properties": {
        "name": "Calle Madre del Creador",
        "id": "370395565",
        "wikipedia_link": "",
        "gender": "female",
        "scale": 2,
        "category": "religiosa",
        "typeofroad": "pedestrian"
      }
    },
    {
      "type": "Feature",
      "geometry": {
        "type": "LineString",
        "coordinates": [
          [
            -5.9139717,
            37.3897948
          ],
          [
            -5.9139233,
            37.3898661
          ],
          [
            -5.9138821,
            37.3899524
          ],
          [
            -5.9138393,
            37.3901664
          ],
          [
            -5.9138364,
            37.3903099
          ],
          [
            -5.9138726,
            37.3904977
          ],
          [
            -5.9139074,
            37.3905959
          ],
          [
            -5.9139582,
            37.3906795
          ]
        ]
      },
      "properties": {
        "name": "Glorieta Carmen Olmedo Checa",
        "id": "142236543",
        "wikipedia_link": "",
        "gender": "female",
        "scale": 2,
        "category": "historica",
        "typeofroad": "tertiary"
      }
    },
    {
      "type": "Feature",
      "geometry": {
        "type": "LineString",
        "coordinates": [
          [
            -5.9793227,
            37.4075161
          ],
          [
            -5.9794918,
            37.4075117
          ],
          [
            -5.9798277,
            37.4074327
          ],
          [
            -5.9801006,
            37.4073956
          ],
          [
            -5.9802318,
            37.4073607
          ]
        ]
      },
      "properties": {
        "name": "Calle Sor Francisca Dorotea",
        "id": "27879609",
        "wikipedia_link": "",
        "gender": "female",
        "scale": 2,
        "category": "religiosa",
        "typeofroad": "primary"
      }
    },
    {
      "type": "Feature",
      "geometry": {
        "type": "LineString",
        "coordinates": [
          [
            -5.9738253,
            37.3474185
          ],
          [
            -5.9736751,
            37.3470629
          ],
          [
            -5.9736291,
            37.3469698
          ]
        ]
      },
      "properties": {
        "name": "Calle Zenobia Camprubí",
        "id": "70850299",
        "wikipedia_link": "https://es.wikipedia.org/wiki/Zenobia_Camprubí",
        "gender": "female",
        "scale": 2,
        "category": "escritora",
        "typeofroad": "residential"
      }
    },
    {
      "type": "Feature",
      "geometry": {
        "type": "LineString",
        "coordinates": [
          [
            -5.9807572,
            37.4073344
          ],
          [
            -5.9810342,
            37.4073206
          ],
          [
            -5.981461,
            37.4072993
          ],
          [
            -5.9818567,
            37.4072788
          ],
          [
            -5.9822531,
            37.4072654
          ],
          [
            -5.9822883,
            37.4072645
          ],
          [
            -5.9824127,
            37.4072606
          ]
        ]
      },
      "properties": {
        "name": "Calle Sor Francisca Dorotea",
        "id": "27879609",
        "wikipedia_link": "",
        "gender": "female",
        "scale": 2,
        "category": "religiosa",
        "typeofroad": "primary"
      }
    },
    {
      "type": "Feature",
      "geometry": {
        "type": "LineString",
        "coordinates": [
          [
            -5.973343,
            37.412784
          ],
          [
            -5.9729789,
            37.4128985
          ],
          [
            -5.9729326,
            37.4129131
          ]
        ]
      },
      "properties": {
        "name": "Calle Concha Yoldi",
        "id": "374967052",
        "wikipedia_link": "",
        "gender": "female",
        "scale": 2,
        "category": "historica",
        "typeofroad": "service"
      }
    },
    {
      "type": "Feature",
      "geometry": {
        "type": "LineString",
        "coordinates": [
          [
            -5.9706193,
            37.4069295
          ],
          [
            -5.9705059,
            37.4070182
          ],
          [
            -5.9707773,
            37.407237
          ],
          [
            -5.970894,
            37.4071438
          ]
        ]
      },
      "properties": {
        "name": "Calle Rafi Herencia",
        "id": "69872717",
        "wikipedia_link": "",
        "gender": "female",
        "scale": 2,
        "category": "historica",
        "typeofroad": "residential"
      }
    },
    {
      "type": "Feature",
      "geometry": {
        "type": "LineString",
        "coordinates": [
          [
            -6.0033092,
            37.3816987
          ],
          [
            -6.0035915,
            37.3818771
          ]
        ]
      },
      "properties": {
        "name": "Calle Luz Arriero",
        "id": "31319508",
        "wikipedia_link": "",
        "gender": "female",
        "scale": 2,
        "category": "historica",
        "typeofroad": "residential"
      }
    },
    {
      "type": "Feature",
      "geometry": {
        "type": "LineString",
        "coordinates": [
          [
            -5.9697211,
            37.3235494
          ],
          [
            -5.969896,
            37.3235256
          ]
        ]
      },
      "properties": {
        "name": "Calle Isabel Chéix",
        "id": "79264159",
        "wikipedia_link": "",
        "gender": "female",
        "scale": 2,
        "category": "historica",
        "typeofroad": "residential"
      }
    },
    {
      "type": "Feature",
      "geometry": {
        "type": "LineString",
        "coordinates": [
          [
            -5.995377,
            37.3747555
          ],
          [
            -5.9955164,
            37.3747517
          ],
          [
            -5.996141,
            37.3747349
          ]
        ]
      },
      "properties": {
        "name": "Calle Virgen de Luján",
        "id": "130542675",
        "wikipedia_link": "https://es.wikipedia.org/wiki/Virgen_de_Luján",
        "gender": "female",
        "scale": 2,
        "category": "religiosa",
        "typeofroad": "secondary"
      }
    },
    {
      "type": "Feature",
      "geometry": {
        "type": "LineString",
        "coordinates": [
          [
            -5.996141,
            37.3747349
          ],
          [
            -5.9967845,
            37.3747199
          ]
        ]
      },
      "properties": {
        "name": "Calle Virgen de Luján",
        "id": "130542675",
        "wikipedia_link": "https://es.wikipedia.org/wiki/Virgen_de_Luján",
        "gender": "female",
        "scale": 2,
        "category": "religiosa",
        "typeofroad": "secondary"
      }
    },
    {
      "type": "Feature",
      "geometry": {
        "type": "LineString",
        "coordinates": [
          [
            -5.9967845,
            37.3747199
          ],
          [
            -5.997522,
            37.3747045
          ]
        ]
      },
      "properties": {
        "name": "Calle Virgen de Luján",
        "id": "130542675",
        "wikipedia_link": "https://es.wikipedia.org/wiki/Virgen_de_Luján",
        "gender": "female",
        "scale": 2,
        "category": "religiosa",
        "typeofroad": "secondary"
      }
    },
    {
      "type": "Feature",
      "geometry": {
        "type": "LineString",
        "coordinates": [
          [
            -5.997522,
            37.3747045
          ],
          [
            -5.9975362,
            37.3747042
          ],
          [
            -5.9975706,
            37.3747034
          ],
          [
            -5.9976348,
            37.3747018
          ],
          [
            -5.998206,
            37.3746881
          ]
        ]
      },
      "properties": {
        "name": "Calle Virgen de Luján",
        "id": "130542675",
        "wikipedia_link": "https://es.wikipedia.org/wiki/Virgen_de_Luján",
        "gender": "female",
        "scale": 2,
        "category": "religiosa",
        "typeofroad": "secondary"
      }
    },
    {
      "type": "Feature",
      "geometry": {
        "type": "LineString",
        "coordinates": [
          [
            -5.998206,
            37.3746881
          ],
          [
            -5.9986076,
            37.3746758
          ],
          [
            -5.9988402,
            37.3746687
          ]
        ]
      },
      "properties": {
        "name": "Calle Virgen de Luján",
        "id": "130542675",
        "wikipedia_link": "https://es.wikipedia.org/wiki/Virgen_de_Luján",
        "gender": "female",
        "scale": 2,
        "category": "religiosa",
        "typeofroad": "secondary"
      }
    },
    {
      "type": "Feature",
      "geometry": {
        "type": "LineString",
        "coordinates": [
          [
            -5.998206,
            37.3746881
          ],
          [
            -5.9982335,
            37.3756523
          ],
          [
            -5.9982346,
            37.3756921
          ],
          [
            -5.9982373,
            37.3757482
          ],
          [
            -5.9982858,
            37.3767507
          ],
          [
            -5.9982957,
            37.3770721
          ],
          [
            -5.9983198,
            37.3775472
          ],
          [
            -5.9983233,
            37.3775895
          ],
          [
            -5.9983256,
            37.3776386
          ],
          [
            -5.9983653,
            37.3781952
          ],
          [
            -5.9983665,
            37.3786652
          ],
          [
            -5.9983767,
            37.378742
          ],
          [
            -5.9983739,
            37.3787989
          ]
        ]
      },
      "properties": {
        "name": "Calle Virgen del Valle",
        "id": "29472059",
        "wikipedia_link": "",
        "gender": "female",
        "scale": 2,
        "category": "religiosa",
        "typeofroad": "residential"
      }
    },
    {
      "type": "Feature",
      "geometry": {
        "type": "LineString",
        "coordinates": [
          [
            -5.9988402,
            37.3746687
          ],
          [
            -5.9990313,
            37.3746649
          ],
          [
            -5.9994673,
            37.3746563
          ],
          [
            -5.9998077,
            37.3746478
          ],
          [
            -5.9999625,
            37.3746418
          ]
        ]
      },
      "properties": {
        "name": "Calle Virgen de Luján",
        "id": "130542675",
        "wikipedia_link": "https://es.wikipedia.org/wiki/Virgen_de_Luján",
        "gender": "female",
        "scale": 2,
        "category": "religiosa",
        "typeofroad": "secondary"
      }
    },
    {
      "type": "Feature",
      "geometry": {
        "type": "LineString",
        "coordinates": [
          [
            -5.9999625,
            37.3746418
          ],
          [
            -6.0009323,
            37.3746123
          ]
        ]
      },
      "properties": {
        "name": "Calle Virgen de Luján",
        "id": "130542675",
        "wikipedia_link": "https://es.wikipedia.org/wiki/Virgen_de_Luján",
        "gender": "female",
        "scale": 2,
        "category": "religiosa",
        "typeofroad": "secondary"
      }
    },
    {
      "type": "Feature",
      "geometry": {
        "type": "LineString",
        "coordinates": [
          [
            -6.0009323,
            37.3746123
          ],
          [
            -6.0010025,
            37.3746106
          ],
          [
            -6.0017179,
            37.3745936
          ]
        ]
      },
      "properties": {
        "name": "Calle Virgen de Luján",
        "id": "130542675",
        "wikipedia_link": "https://es.wikipedia.org/wiki/Virgen_de_Luján",
        "gender": "female",
        "scale": 2,
        "category": "religiosa",
        "typeofroad": "secondary"
      }
    },
    {
      "type": "Feature",
      "geometry": {
        "type": "LineString",
        "coordinates": [
          [
            -6.0024673,
            37.3745758
          ],
          [
            -6.0026083,
            37.3745755
          ]
        ]
      },
      "properties": {
        "name": "Calle Virgen de Luján",
        "id": "130542675",
        "wikipedia_link": "https://es.wikipedia.org/wiki/Virgen_de_Luján",
        "gender": "female",
        "scale": 2,
        "category": "religiosa",
        "typeofroad": "secondary"
      }
    },
    {
      "type": "Feature",
      "geometry": {
        "type": "LineString",
        "coordinates": [
          [
            -6.0026083,
            37.3745755
          ],
          [
            -6.0028233,
            37.3745371
          ],
          [
            -6.0030001,
            37.3744781
          ],
          [
            -6.003243,
            37.3743454
          ]
        ]
      },
      "properties": {
        "name": "Calle Virgen de Luján",
        "id": "130542675",
        "wikipedia_link": "https://es.wikipedia.org/wiki/Virgen_de_Luján",
        "gender": "female",
        "scale": 2,
        "category": "religiosa",
        "typeofroad": "secondary"
      }
    },
    {
      "type": "Feature",
      "geometry": {
        "type": "LineString",
        "coordinates": [
          [
            -6.003243,
            37.3743454
          ],
          [
            -6.003784,
            37.3740591
          ],
          [
            -6.0039192,
            37.3739876
          ]
        ]
      },
      "properties": {
        "name": "Calle Virgen de Luján",
        "id": "130542675",
        "wikipedia_link": "https://es.wikipedia.org/wiki/Virgen_de_Luján",
        "gender": "female",
        "scale": 2,
        "category": "religiosa",
        "typeofroad": "secondary"
      }
    },
    {
      "type": "Feature",
      "geometry": {
        "type": "LineString",
        "coordinates": [
          [
            -6.003243,
            37.3743454
          ],
          [
            -6.003577,
            37.3747624
          ],
          [
            -6.0037386,
            37.3749641
          ],
          [
            -6.0038991,
            37.3751645
          ],
          [
            -6.0039798,
            37.3752598
          ],
          [
            -6.0040562,
            37.3753607
          ],
          [
            -6.0042132,
            37.3755566
          ],
          [
            -6.0043809,
            37.375766
          ]
        ]
      },
      "properties": {
        "name": "Calle Virgen de Aguas Santas",
        "id": "29472143",
        "wikipedia_link": "",
        "gender": "female",
        "scale": 2,
        "category": "religiosa",
        "typeofroad": "residential"
      }
    },
    {
      "type": "Feature",
      "geometry": {
        "type": "LineString",
        "coordinates": [
          [
            -5.9709719,
            37.3554485
          ],
          [
            -5.9712104,
            37.3555115
          ],
          [
            -5.9714229,
            37.3556049
          ],
          [
            -5.971495,
            37.3557154
          ],
          [
            -5.9715211,
            37.3557555
          ],
          [
            -5.9716696,
            37.3561944
          ],
          [
            -5.9718893,
            37.3568435
          ],
          [
            -5.9719762,
            37.3571004
          ],
          [
            -5.9720636,
            37.3573588
          ],
          [
            -5.9725036,
            37.3586427
          ],
          [
            -5.9725137,
            37.3586721
          ],
          [
            -5.9725177,
            37.3587164
          ],
          [
            -5.9725157,
            37.3587382
          ],
          [
            -5.9725097,
            37.3587537
          ]
        ]
      },
      "properties": {
        "name": "Calle Victoria Domínguez Cerrato",
        "id": "34761865",
        "wikipedia_link": "",
        "gender": "female",
        "scale": 2,
        "category": "politica",
        "typeofroad": "tertiary"
      }
    },
    {
      "type": "Feature",
      "geometry": {
        "type": "LineString",
        "coordinates": [
          [
            -5.9738779,
            37.4036519
          ],
          [
            -5.9740947,
            37.4034086
          ],
          [
            -5.9743502,
            37.4031254
          ],
          [
            -5.9744846,
            37.4029697
          ],
          [
            -5.9745572,
            37.402888
          ],
          [
            -5.974584,
            37.4028579
          ],
          [
            -5.9747794,
            37.4026379
          ],
          [
            -5.9751468,
            37.4022548
          ]
        ]
      },
      "properties": {
        "name": "Calle Virgen de la Guía",
        "id": "27879804",
        "wikipedia_link": "",
        "gender": "female",
        "scale": 2,
        "category": "religiosa",
        "typeofroad": "residential"
      }
    },
    {
      "type": "Feature",
      "geometry": {
        "type": "LineString",
        "coordinates": [
          [
            -6.002585,
            37.3855531
          ],
          [
            -6.0026111,
            37.3855884
          ],
          [
            -6.002765,
            37.3857309
          ],
          [
            -6.0033121,
            37.3860058
          ],
          [
            -6.0036574,
            37.3862074
          ],
          [
            -6.0037198,
            37.3862386
          ],
          [
            -6.0037903,
            37.3863275
          ],
          [
            -6.003881,
            37.3864588
          ],
          [
            -6.0041139,
            37.3866854
          ],
          [
            -6.0041843,
            37.3867521
          ],
          [
            -6.0042074,
            37.386826
          ],
          [
            -6.0042566,
            37.3868835
          ],
          [
            -6.0044408,
            37.387011
          ],
          [
            -6.0046315,
            37.387127
          ],
          [
            -6.0047002,
            37.3871637
          ],
          [
            -6.0048553,
            37.3872736
          ],
          [
            -6.0056857,
            37.3880445
          ],
          [
            -6.0057403,
            37.388107
          ],
          [
            -6.0058567,
            37.3882304
          ],
          [
            -6.0063788,
            37.3886972
          ],
          [
            -6.0068723,
            37.3890638
          ],
          [
            -6.0068819,
            37.3890836
          ],
          [
            -6.0070801,
            37.3894918
          ],
          [
            -6.0072088,
            37.390121
          ],
          [
            -6.0075094,
            37.3900886
          ]
        ]
      },
      "properties": {
        "name": "Paseo Nuestra Señora de la O",
        "id": "192056410",
        "wikipedia_link": "",
        "gender": "female",
        "scale": 2,
        "category": "religiosa",
        "typeofroad": "footway"
      }
    },
    {
      "type": "Feature",
      "geometry": {
        "type": "LineString",
        "coordinates": [
          [
            -5.9698063,
            37.3751074
          ],
          [
            -5.9697656,
            37.3751187
          ],
          [
            -5.9697189,
            37.3751203
          ],
          [
            -5.9692514,
            37.3750217
          ],
          [
            -5.9683752,
            37.3748292
          ]
        ]
      },
      "properties": {
        "name": "Calle Madre Isabel Moreno",
        "id": "36276077",
        "wikipedia_link": "https://es.wikipedia.org/wiki/Isabel_Moreno_Mesonero",
        "gender": "female",
        "scale": 2,
        "category": "religiosa",
        "typeofroad": "residential"
      }
    },
    {
      "type": "Feature",
      "geometry": {
        "type": "LineString",
        "coordinates": [
          [
            -5.9465554,
            37.375641
          ],
          [
            -5.9459136,
            37.3751135
          ],
          [
            -5.9457948,
            37.3752192
          ]
        ]
      },
      "properties": {
        "name": "Calle Eva Cervantes",
        "id": "58729646",
        "wikipedia_link": "",
        "gender": "female",
        "scale": 2,
        "category": "historica",
        "typeofroad": "residential"
      }
    },
    {
      "type": "Feature",
      "geometry": {
        "type": "LineString",
        "coordinates": [
          [
            -5.969544,
            37.369548
          ],
          [
            -5.969564,
            37.3694687
          ],
          [
            -5.9695499,
            37.3693886
          ],
          [
            -5.9695033,
            37.3693166
          ],
          [
            -5.9694294,
            37.369261
          ],
          [
            -5.9693366,
            37.3692279
          ],
          [
            -5.9692351,
            37.369221
          ]
        ]
      },
      "properties": {
        "name": "Glorieta Mar Cambrollé",
        "id": "30181992",
        "wikipedia_link": "https://es.wikipedia.org/wiki/Mar_Cambrollé",
        "gender": "female",
        "scale": 2,
        "category": "politica",
        "typeofroad": "primary"
      }
    },
    {
      "type": "Feature",
      "geometry": {
        "type": "LineString",
        "coordinates": [
          [
            -5.9914515,
            37.39538
          ],
          [
            -5.9917206,
            37.3954558
          ],
          [
            -5.9917718,
            37.3954883
          ]
        ]
      },
      "properties": {
        "name": "Plaza Maria Purísima de la Cruz",
        "id": "177876083",
        "wikipedia_link": "",
        "gender": "female",
        "scale": 2,
        "category": "religiosa",
        "typeofroad": "living_street"
      }
    },
    {
      "type": "Feature",
      "geometry": {
        "type": "LineString",
        "coordinates": [
          [
            -5.9868753,
            37.3826258
          ],
          [
            -5.9870128,
            37.3826585
          ],
          [
            -5.9873555,
            37.3827402
          ],
          [
            -5.9873846,
            37.3827473
          ],
          [
            -5.9875575,
            37.3827979
          ]
        ]
      },
      "properties": {
        "name": "Plaza Alcaldesa Soledad Becerril",
        "id": "22295867",
        "wikipedia_link": "https://es.wikipedia.org/wiki/Soledad_Becerril",
        "gender": "female",
        "scale": 2,
        "category": "politica",
        "typeofroad": "tertiary"
      }
    },
    {
      "type": "Feature",
      "geometry": {
        "type": "LineString",
        "coordinates": [
          [
            -5.9861395,
            37.362196
          ],
          [
            -5.9861464,
            37.3620287
          ],
          [
            -5.9861533,
            37.3618605
          ],
          [
            -5.9861734,
            37.3613713
          ],
          [
            -5.9861848,
            37.3610947
          ],
          [
            -5.9861974,
            37.3607887
          ]
        ]
      },
      "properties": {
        "name": "Avenida de la Reina Mercedes",
        "id": "27486919",
        "wikipedia_link": "https://es.wikipedia.org/wiki/Mercedes_de_Orleáns",
        "gender": "female",
        "scale": 2,
        "category": "historica",
        "typeofroad": "residential"
      }
    },
    {
      "type": "Feature",
      "geometry": {
        "type": "LineString",
        "coordinates": [
          [
            -5.9861974,
            37.3607887
          ],
          [
            -5.9862013,
            37.3606953
          ],
          [
            -5.986222,
            37.3601945
          ]
        ]
      },
      "properties": {
        "name": "Avenida de la Reina Mercedes",
        "id": "27486919",
        "wikipedia_link": "https://es.wikipedia.org/wiki/Mercedes_de_Orleáns",
        "gender": "female",
        "scale": 2,
        "category": "historica",
        "typeofroad": "residential"
      }
    },
    {
      "type": "Feature",
      "geometry": {
        "type": "LineString",
        "coordinates": [
          [
            -5.986222,
            37.3601945
          ],
          [
            -5.986223,
            37.3601701
          ],
          [
            -5.9862305,
            37.3599885
          ],
          [
            -5.9862435,
            37.3596741
          ],
          [
            -5.9862488,
            37.3595936
          ],
          [
            -5.986249,
            37.3595425
          ]
        ]
      },
      "properties": {
        "name": "Avenida de la Reina Mercedes",
        "id": "27486919",
        "wikipedia_link": "https://es.wikipedia.org/wiki/Mercedes_de_Orleáns",
        "gender": "female",
        "scale": 2,
        "category": "historica",
        "typeofroad": "residential"
      }
    },
    {
      "type": "Feature",
      "geometry": {
        "type": "LineString",
        "coordinates": [
          [
            -5.986249,
            37.3595425
          ],
          [
            -5.9862607,
            37.3592587
          ]
        ]
      },
      "properties": {
        "name": "Avenida de la Reina Mercedes",
        "id": "27486919",
        "wikipedia_link": "https://es.wikipedia.org/wiki/Mercedes_de_Orleáns",
        "gender": "female",
        "scale": 2,
        "category": "historica",
        "typeofroad": "residential"
      }
    },
    {
      "type": "Feature",
      "geometry": {
        "type": "LineString",
        "coordinates": [
          [
            -5.9862607,
            37.3592587
          ],
          [
            -5.9862661,
            37.3591436
          ],
          [
            -5.9862711,
            37.3590377
          ]
        ]
      },
      "properties": {
        "name": "Avenida de la Reina Mercedes",
        "id": "27486919",
        "wikipedia_link": "https://es.wikipedia.org/wiki/Mercedes_de_Orleáns",
        "gender": "female",
        "scale": 2,
        "category": "historica",
        "typeofroad": "residential"
      }
    },
    {
      "type": "Feature",
      "geometry": {
        "type": "LineString",
        "coordinates": [
          [
            -5.9862711,
            37.3590377
          ],
          [
            -5.9862935,
            37.358562
          ],
          [
            -5.9863041,
            37.3583362
          ],
          [
            -5.9863119,
            37.3581703
          ],
          [
            -5.9863135,
            37.3581359
          ],
          [
            -5.9863177,
            37.358046
          ],
          [
            -5.9863198,
            37.3580021
          ],
          [
            -5.9863248,
            37.3578945
          ]
        ]
      },
      "properties": {
        "name": "Avenida de la Reina Mercedes",
        "id": "27486919",
        "wikipedia_link": "https://es.wikipedia.org/wiki/Mercedes_de_Orleáns",
        "gender": "female",
        "scale": 2,
        "category": "historica",
        "typeofroad": "residential"
      }
    },
    {
      "type": "Feature",
      "geometry": {
        "type": "LineString",
        "coordinates": [
          [
            -5.9863248,
            37.3578945
          ],
          [
            -5.9863393,
            37.3575861
          ],
          [
            -5.9863599,
            37.3571474
          ],
          [
            -5.9863647,
            37.3570206
          ],
          [
            -5.9863768,
            37.3566984
          ],
          [
            -5.9863847,
            37.3564868
          ],
          [
            -5.9863898,
            37.3563521
          ],
          [
            -5.9863907,
            37.3563267
          ],
          [
            -5.9863928,
            37.3562702
          ],
          [
            -5.9863961,
            37.3562177
          ],
          [
            -5.9863973,
            37.356142
          ]
        ]
      },
      "properties": {
        "name": "Avenida de la Reina Mercedes",
        "id": "27486919",
        "wikipedia_link": "https://es.wikipedia.org/wiki/Mercedes_de_Orleáns",
        "gender": "female",
        "scale": 2,
        "category": "historica",
        "typeofroad": "residential"
      }
    },
    {
      "type": "Feature",
      "geometry": {
        "type": "LineString",
        "coordinates": [
          [
            -5.9744367,
            37.4124447
          ],
          [
            -5.9736292,
            37.4126912
          ]
        ]
      },
      "properties": {
        "name": "Calle Empresaria Concha Yoldi",
        "id": "549449613",
        "wikipedia_link": "",
        "gender": "female",
        "scale": 2,
        "category": "historica",
        "typeofroad": "service"
      }
    },
    {
      "type": "Feature",
      "geometry": {
        "type": "LineString",
        "coordinates": [
          [
            -5.9998967,
            37.3805787
          ],
          [
            -5.9985179,
            37.3809613
          ]
        ]
      },
      "properties": {
        "name": "Calle Rosario Vega",
        "id": "554345670",
        "wikipedia_link": "",
        "gender": "female",
        "scale": 2,
        "category": "historica",
        "typeofroad": "residential"
      }
    },
    {
      "type": "Feature",
      "geometry": {
        "type": "LineString",
        "coordinates": [
          [
            -5.9738193,
            37.3727119
          ],
          [
            -5.9736535,
            37.3727739
          ],
          [
            -5.973578,
            37.3728408
          ]
        ]
      },
      "properties": {
        "name": "Avenida Nuestra Señora de las Mercedes",
        "id": "28327851",
        "wikipedia_link": "https://es.wikipedia.org/wiki/Nuestra_Señora_de_las_Mercedes",
        "gender": "female",
        "scale": 2,
        "category": "religiosa",
        "typeofroad": "tertiary"
      }
    },
    {
      "type": "Feature",
      "geometry": {
        "type": "LineString",
        "coordinates": [
          [
            -5.9493068,
            37.3689822
          ],
          [
            -5.9484909,
            37.3688873
          ],
          [
            -5.948266,
            37.3688595
          ],
          [
            -5.9478616,
            37.368808
          ],
          [
            -5.9477292,
            37.3688051
          ],
          [
            -5.9475812,
            37.3688207
          ],
          [
            -5.9474135,
            37.3688692
          ]
        ]
      },
      "properties": {
        "name": "Calle Ana Valencia Vilches",
        "id": "575722529",
        "wikipedia_link": "",
        "gender": "female",
        "scale": 2,
        "category": "historica",
        "typeofroad": "residential"
      }
    },
    {
      "type": "Feature",
      "geometry": {
        "type": "LineString",
        "coordinates": [
          [
            -5.9787549,
            37.342187
          ],
          [
            -5.9787502,
            37.3421669
          ],
          [
            -5.9786714,
            37.341832
          ],
          [
            -5.9789603,
            37.341791
          ],
          [
            -5.9790362,
            37.3421238
          ],
          [
            -5.9790412,
            37.3421457
          ],
          [
            -5.9787549,
            37.342187
          ]
        ]
      },
      "properties": {
        "name": "Plazoleta Doña Conchita Rivas",
        "id": "578827242",
        "wikipedia_link": "",
        "gender": "female",
        "scale": 2,
        "category": "historica",
        "typeofroad": "footway"
      }
    },
    {
      "type": "Feature",
      "geometry": {
        "type": "LineString",
        "coordinates": [
          [
            -6.0087765,
            37.3832296
          ],
          [
            -6.00865,
            37.3833047
          ],
          [
            -6.0086126,
            37.383264
          ],
          [
            -6.0085708,
            37.3832193
          ],
          [
            -6.0087071,
            37.3831391
          ],
          [
            -6.0086656,
            37.3830885
          ],
          [
            -6.008524,
            37.3831703
          ],
          [
            -6.0084874,
            37.3831306
          ],
          [
            -6.0084465,
            37.3830864
          ],
          [
            -6.0085954,
            37.3829986
          ],
          [
            -6.0085871,
            37.382988
          ],
          [
            -6.0085538,
            37.3829474
          ],
          [
            -6.0083986,
            37.3830384
          ],
          [
            -6.00836,
            37.3829969
          ],
          [
            -6.00832,
            37.382954
          ],
          [
            -6.0084837,
            37.3828568
          ],
          [
            -6.008443,
            37.3828073
          ],
          [
            -6.0082725,
            37.3829066
          ],
          [
            -6.0082364,
            37.3828673
          ],
          [
            -6.0081946,
            37.3828224
          ],
          [
            -6.0083726,
            37.3827163
          ],
          [
            -6.0083611,
            37.3827007
          ],
          [
            -6.0083311,
            37.3826662
          ],
          [
            -6.0081469,
            37.3827748
          ],
          [
            -6.0080674,
            37.3826889
          ],
          [
            -6.0082603,
            37.3825748
          ],
          [
            -6.0082491,
            37.3825608
          ],
          [
            -6.0082194,
            37.3825252
          ],
          [
            -6.0080204,
            37.3826422
          ],
          [
            -6.0079803,
            37.3826001
          ],
          [
            -6.007939,
            37.3825567
          ],
          [
            -6.0081492,
            37.3824347
          ],
          [
            -6.0081559,
            37.3824449
          ],
          [
            -6.0081796,
            37.382433
          ],
          [
            -6.0081985,
            37.3824565
          ],
          [
            -6.0082078,
            37.3824518
          ],
          [
            -6.0082532,
            37.3825088
          ],
          [
            -6.0083066,
            37.3824825
          ],
          [
            -6.0083206,
            37.3825007
          ],
          [
            -6.0086122,
            37.382872
          ],
          [
            -6.0086224,
            37.3828848
          ],
          [
            -6.0085713,
            37.3829097
          ],
          [
            -6.0086149,
            37.3829659
          ],
          [
            -6.0086318,
            37.3829863
          ],
          [
            -6.0086828,
            37.3830508
          ],
          [
            -6.0087079,
            37.383084
          ],
          [
            -6.0087423,
            37.3831259
          ],
          [
            -6.0087843,
            37.3831791
          ],
          [
            -6.0087932,
            37.38319
          ],
          [
            -6.0088105,
            37.3832117
          ],
          [
            -6.0087765,
            37.3832296
          ]
        ]
      },
      "properties": {
        "name": "Calle Sor Manuela Ramos",
        "id": "589713691",
        "wikipedia_link": "",
        "gender": "female",
        "scale": 2,
        "category": "religiosa",
        "typeofroad": "pedestrian"
      }
    },
    {
      "type": "Feature",
      "geometry": {
        "type": "LineString",
        "coordinates": [
          [
            -6.0089853,
            37.3832406
          ],
          [
            -6.0091171,
            37.3834258
          ]
        ]
      },
      "properties": {
        "name": "Calle Sor Milagros",
        "id": "29550415",
        "wikipedia_link": "",
        "gender": "female",
        "scale": 2,
        "category": "religiosa",
        "typeofroad": "residential"
      }
    },
    {
      "type": "Feature",
      "geometry": {
        "type": "LineString",
        "coordinates": [
          [
            -6.0089853,
            37.3832406
          ],
          [
            -6.0089518,
            37.3832567
          ]
        ]
      },
      "properties": {
        "name": "Calle Sor Milagros",
        "id": "29550415",
        "wikipedia_link": "",
        "gender": "female",
        "scale": 2,
        "category": "religiosa",
        "typeofroad": "residential"
      }
    },
    {
      "type": "Feature",
      "geometry": {
        "type": "LineString",
        "coordinates": [
          [
            -6.0091171,
            37.3834258
          ],
          [
            -6.0092278,
            37.3835642
          ]
        ]
      },
      "properties": {
        "name": "Calle Sor Milagros",
        "id": "29550415",
        "wikipedia_link": "",
        "gender": "female",
        "scale": 2,
        "category": "religiosa",
        "typeofroad": "residential"
      }
    },
    {
      "type": "Feature",
      "geometry": {
        "type": "LineString",
        "coordinates": [
          [
            -5.9748646,
            37.3545367
          ],
          [
            -5.9732526,
            37.3546413
          ],
          [
            -5.9732117,
            37.3546715
          ],
          [
            -5.9731528,
            37.3547448
          ]
        ]
      },
      "properties": {
        "name": "Calle Pina López Gay",
        "id": "622363337",
        "wikipedia_link": "https://es.wikipedia.org/wiki/Pina_López_Gay",
        "gender": "female",
        "scale": 2,
        "category": "politica",
        "typeofroad": "residential"
      }
    },
    {
      "type": "Feature",
      "geometry": {
        "type": "LineString",
        "coordinates": [
          [
            -5.9711696,
            37.4075513
          ],
          [
            -5.9707773,
            37.407237
          ]
        ]
      },
      "properties": {
        "name": "Calle Rafi Herencia",
        "id": "69872717",
        "wikipedia_link": "",
        "gender": "female",
        "scale": 2,
        "category": "historica",
        "typeofroad": "residential"
      }
    },
    {
      "type": "Feature",
      "geometry": {
        "type": "LineString",
        "coordinates": [
          [
            -5.9951719,
            37.4036826
          ],
          [
            -5.9951469,
            37.4037982
          ]
        ]
      },
      "properties": {
        "name": "Plaza Duquesa Cayetana de Alba",
        "id": "19746878",
        "wikipedia_link": "https://es.wikipedia.org/wiki/Cayetana_Fitz-James_Stuart",
        "gender": "female",
        "scale": 2,
        "category": "historica",
        "typeofroad": "primary"
      }
    },
    {
      "type": "Feature",
      "geometry": {
        "type": "LineString",
        "coordinates": [
          [
            -5.9712063,
            37.3623821
          ],
          [
            -5.9707564,
            37.3624036
          ],
          [
            -5.970529,
            37.3624307
          ]
        ]
      },
      "properties": {
        "name": "Ronda Nuestra Señora de la Oliva",
        "id": "27947450",
        "wikipedia_link": "",
        "gender": "female",
        "scale": 2,
        "category": "religiosa",
        "typeofroad": "residential"
      }
    },
    {
      "type": "Feature",
      "geometry": {
        "type": "LineString",
        "coordinates": [
          [
            -5.967838,
            37.3650671
          ],
          [
            -5.9676363,
            37.3653158
          ],
          [
            -5.9676188,
            37.3653374
          ],
          [
            -5.9674336,
            37.365566
          ],
          [
            -5.9673656,
            37.3656499
          ],
          [
            -5.9672769,
            37.3657593
          ]
        ]
      },
      "properties": {
        "name": "Ronda Nuestra Señora de la Oliva",
        "id": "27947450",
        "wikipedia_link": "",
        "gender": "female",
        "scale": 2,
        "category": "religiosa",
        "typeofroad": "residential"
      }
    },
    {
      "type": "Feature",
      "geometry": {
        "type": "LineString",
        "coordinates": [
          [
            -5.9691913,
            37.3692266
          ],
          [
            -5.9691406,
            37.3692398
          ],
          [
            -5.9690937,
            37.3692598
          ],
          [
            -5.9690519,
            37.3692861
          ]
        ]
      },
      "properties": {
        "name": "Glorieta Mar Cambrollé",
        "id": "30181992",
        "wikipedia_link": "https://es.wikipedia.org/wiki/Mar_Cambrollé",
        "gender": "female",
        "scale": 2,
        "category": "politica",
        "typeofroad": "primary"
      }
    },
    {
      "type": "Feature",
      "geometry": {
        "type": "LineString",
        "coordinates": [
          [
            -5.9692351,
            37.369221
          ],
          [
            -5.9691913,
            37.3692266
          ]
        ]
      },
      "properties": {
        "name": "Glorieta Mar Cambrollé",
        "id": "30181992",
        "wikipedia_link": "https://es.wikipedia.org/wiki/Mar_Cambrollé",
        "gender": "female",
        "scale": 2,
        "category": "politica",
        "typeofroad": "primary"
      }
    },
    {
      "type": "Feature",
      "geometry": {
        "type": "LineString",
        "coordinates": [
          [
            -5.9808051,
            37.351288
          ],
          [
            -5.9809078,
            37.3512643
          ],
          [
            -5.9810058,
            37.3512302
          ],
          [
            -5.9810977,
            37.3511865
          ],
          [
            -5.9811439,
            37.3511577
          ],
          [
            -5.9811819,
            37.351134
          ],
          [
            -5.9812571,
            37.3510736
          ],
          [
            -5.9813249,
            37.3510029
          ]
        ]
      },
      "properties": {
        "name": "Glorieta Doña María García Montero",
        "id": "34754119",
        "wikipedia_link": "",
        "gender": "female",
        "scale": 2,
        "category": "politica",
        "typeofroad": "tertiary"
      }
    },
    {
      "type": "Feature",
      "geometry": {
        "type": "LineString",
        "coordinates": [
          [
            -5.9751698,
            37.4149496
          ],
          [
            -5.9756126,
            37.4150939
          ],
          [
            -5.9756676,
            37.4150958
          ],
          [
            -5.9757227,
            37.4150891
          ],
          [
            -5.976638,
            37.414819
          ],
          [
            -5.9767126,
            37.4147973
          ],
          [
            -5.9767466,
            37.4147874
          ]
        ]
      },
      "properties": {
        "name": "Calle Victoria Kent",
        "id": "58989888",
        "wikipedia_link": "https://es.wikipedia.org/wiki/Victoria_Kent",
        "gender": "female",
        "scale": 2,
        "category": "politica",
        "typeofroad": "residential"
      }
    },
    {
      "type": "Feature",
      "geometry": {
        "type": "LineString",
        "coordinates": [
          [
            -5.9692679,
            37.3697028
          ],
          [
            -5.9693413,
            37.3696942
          ],
          [
            -5.9694099,
            37.3696716
          ],
          [
            -5.9694696,
            37.3696366
          ]
        ]
      },
      "properties": {
        "name": "Glorieta Mar Cambrollé",
        "id": "30181992",
        "wikipedia_link": "https://es.wikipedia.org/wiki/Mar_Cambrollé",
        "gender": "female",
        "scale": 2,
        "category": "politica",
        "typeofroad": "primary"
      }
    },
    {
      "type": "Feature",
      "geometry": {
        "type": "LineString",
        "coordinates": [
          [
            -5.9690519,
            37.3692861
          ],
          [
            -5.969006,
            37.3693299
          ],
          [
            -5.9689742,
            37.369381
          ],
          [
            -5.9689589,
            37.3694335
          ]
        ]
      },
      "properties": {
        "name": "Glorieta Mar Cambrollé",
        "id": "30181992",
        "wikipedia_link": "https://es.wikipedia.org/wiki/Mar_Cambrollé",
        "gender": "female",
        "scale": 2,
        "category": "politica",
        "typeofroad": "primary"
      }
    },
    {
      "type": "Feature",
      "geometry": {
        "type": "LineString",
        "coordinates": [
          [
            -5.9694696,
            37.3696366
          ],
          [
            -5.969513,
            37.3695956
          ],
          [
            -5.969544,
            37.369548
          ]
        ]
      },
      "properties": {
        "name": "Glorieta Mar Cambrollé",
        "id": "30181992",
        "wikipedia_link": "https://es.wikipedia.org/wiki/Mar_Cambrollé",
        "gender": "female",
        "scale": 2,
        "category": "politica",
        "typeofroad": "primary"
      }
    },
    {
      "type": "Feature",
      "geometry": {
        "type": "LineString",
        "coordinates": [
          [
            -5.9741141,
            37.3798948
          ],
          [
            -5.9741707,
            37.3799045
          ],
          [
            -5.974207,
            37.3799107
          ],
          [
            -5.9742662,
            37.3799209
          ]
        ]
      },
      "properties": {
        "name": "Calle Santa Joaquina de Vedruna",
        "id": "30184602",
        "wikipedia_link": "https://es.wikipedia.org/wiki/Joaquina_de_Vedruna",
        "gender": "female",
        "scale": 2,
        "category": "santa",
        "typeofroad": "residential"
      }
    },
    {
      "type": "Feature",
      "geometry": {
        "type": "LineString",
        "coordinates": [
          [
            -5.974012,
            37.3798773
          ],
          [
            -5.9741141,
            37.3798948
          ]
        ]
      },
      "properties": {
        "name": "Calle Santa Joaquina de Vedruna",
        "id": "30184602",
        "wikipedia_link": "https://es.wikipedia.org/wiki/Joaquina_de_Vedruna",
        "gender": "female",
        "scale": 2,
        "category": "santa",
        "typeofroad": "residential"
      }
    },
    {
      "type": "Feature",
      "geometry": {
        "type": "LineString",
        "coordinates": [
          [
            -5.9988094,
            37.3740927
          ],
          [
            -5.99922,
            37.3740682
          ]
        ]
      },
      "properties": {
        "name": "Calle Virgen de la Estrella",
        "id": "29472190",
        "wikipedia_link": "",
        "gender": "female",
        "scale": 2,
        "category": "religiosa",
        "typeofroad": "residential"
      }
    },
    {
      "type": "Feature",
      "geometry": {
        "type": "LineString",
        "coordinates": [
          [
            -5.99922,
            37.3740682
          ],
          [
            -5.9995332,
            37.3740604
          ]
        ]
      },
      "properties": {
        "name": "Calle Virgen de la Estrella",
        "id": "29472190",
        "wikipedia_link": "",
        "gender": "female",
        "scale": 2,
        "category": "religiosa",
        "typeofroad": "residential"
      }
    },
    {
      "type": "Feature",
      "geometry": {
        "type": "LineString",
        "coordinates": [
          [
            -6.0056921,
            37.3819047
          ],
          [
            -6.0059505,
            37.3821243
          ]
        ]
      },
      "properties": {
        "name": "Calle Jacinta Marto",
        "id": "70724551",
        "wikipedia_link": "https://es.wikipedia.org/wiki/Jacinta_Marto",
        "gender": "female",
        "scale": 2,
        "category": "santa",
        "typeofroad": "service"
      }
    },
    {
      "type": "Feature",
      "geometry": {
        "type": "LineString",
        "coordinates": [
          [
            -6.0059505,
            37.3821243
          ],
          [
            -6.0061213,
            37.382265
          ]
        ]
      },
      "properties": {
        "name": "Calle Jacinta Marto",
        "id": "70724551",
        "wikipedia_link": "https://es.wikipedia.org/wiki/Jacinta_Marto",
        "gender": "female",
        "scale": 2,
        "category": "santa",
        "typeofroad": "service"
      }
    },
    {
      "type": "Feature",
      "geometry": {
        "type": "LineString",
        "coordinates": [
          [
            -5.9571674,
            37.3764617
          ],
          [
            -5.9570607,
            37.3769678
          ],
          [
            -5.9570377,
            37.3771092
          ],
          [
            -5.9570336,
            37.3774619
          ],
          [
            -5.9571238,
            37.3778102
          ],
          [
            -5.9571658,
            37.3779726
          ],
          [
            -5.9573696,
            37.378354
          ],
          [
            -5.9575267,
            37.3785426
          ]
        ]
      },
      "properties": {
        "name": "Calle Beatriz de Ahumada",
        "id": "36284079",
        "wikipedia_link": "https://es.wikipedia.org/wiki/Beatriz_de_Ahumada",
        "gender": "female",
        "scale": 2,
        "category": "religiosa",
        "typeofroad": "residential"
      }
    },
    {
      "type": "Feature",
      "geometry": {
        "type": "LineString",
        "coordinates": [
          [
            -5.9759487,
            37.404059
          ],
          [
            -5.9757448,
            37.404268
          ],
          [
            -5.9753687,
            37.4040532
          ]
        ]
      },
      "properties": {
        "name": "Calle Santa María Magdalena",
        "id": "731216655",
        "wikipedia_link": "https://es.wikipedia.org/wiki/Santa_María_Magdalena",
        "gender": "female",
        "scale": 2,
        "category": "santa",
        "typeofroad": "residential"
      }
    },
    {
      "type": "Feature",
      "geometry": {
        "type": "LineString",
        "coordinates": [
          [
            -5.9776034,
            37.3987754
          ],
          [
            -5.9773371,
            37.3989303
          ],
          [
            -5.9770427,
            37.3990985
          ],
          [
            -5.9770282,
            37.3991068
          ],
          [
            -5.9769602,
            37.399151
          ]
        ]
      },
      "properties": {
        "name": "Calle Mamá Margarita",
        "id": "28023662",
        "wikipedia_link": "",
        "gender": "female",
        "scale": 2,
        "category": "religiosa",
        "typeofroad": "residential"
      }
    },
    {
      "type": "Feature",
      "geometry": {
        "type": "LineString",
        "coordinates": [
          [
            -5.9923579,
            37.3862974
          ],
          [
            -5.9923123,
            37.386073
          ],
          [
            -5.9922349,
            37.3856827
          ],
          [
            -5.9922263,
            37.3856393
          ],
          [
            -5.9921621,
            37.3853154
          ],
          [
            -5.9921552,
            37.3852804
          ],
          [
            -5.9923072,
            37.3852107
          ]
        ]
      },
      "properties": {
        "name": "Plaza Virgen de los Reyes",
        "id": "122269844",
        "wikipedia_link": "https://es.wikipedia.org/wiki/Virgen_de_los_Reyes",
        "gender": "female",
        "scale": 2,
        "category": "religiosa",
        "typeofroad": "living_street"
      }
    },
    {
      "type": "Feature",
      "geometry": {
        "type": "LineString",
        "coordinates": [
          [
            -5.9704887,
            37.3660854
          ],
          [
            -5.9702037,
            37.3659372
          ],
          [
            -5.9699297,
            37.3657948
          ]
        ]
      },
      "properties": {
        "name": "Barriada Nuestra Señora de la Oliva",
        "id": "200669130",
        "wikipedia_link": "",
        "gender": "female",
        "scale": 2,
        "category": "religiosa",
        "typeofroad": "residential"
      }
    },
    {
      "type": "Feature",
      "geometry": {
        "type": "LineString",
        "coordinates": [
          [
            -5.9964205,
            37.3770402
          ],
          [
            -5.9964608,
            37.3776359
          ]
        ]
      },
      "properties": {
        "name": "Virgen de la Regla nº1 Pasaje",
        "id": "777582065",
        "wikipedia_link": "",
        "gender": "female",
        "scale": 2,
        "category": "religiosa",
        "typeofroad": "footway"
      }
    },
    {
      "type": "Feature",
      "geometry": {
        "type": "LineString",
        "coordinates": [
          [
            -5.9698269,
            37.3768415
          ],
          [
            -5.9707152,
            37.3770804
          ],
          [
            -5.9712195,
            37.3772381
          ]
        ]
      },
      "properties": {
        "name": "Paseo Concha Sáinz",
        "id": "782123581",
        "wikipedia_link": "https://es.wikipedia.org/wiki/La_Concha_(San_Roque_de_Riomiera)",
        "gender": "female",
        "scale": 2,
        "category": "historica",
        "typeofroad": "footway"
      }
    },
    {
      "type": "Feature",
      "geometry": {
        "type": "LineString",
        "coordinates": [
          [
            -5.9650628,
            37.4172995
          ],
          [
            -5.9639839,
            37.4174731
          ],
          [
            -5.9634499,
            37.4175591
          ],
          [
            -5.9633196,
            37.4175209
          ],
          [
            -5.9632492,
            37.4174201
          ],
          [
            -5.9632012,
            37.4172103
          ],
          [
            -5.9631857,
            37.4171816
          ],
          [
            -5.9631223,
            37.4170646
          ],
          [
            -5.9630314,
            37.4169406
          ],
          [
            -5.9629731,
            37.4168521
          ],
          [
            -5.9630056,
            37.4167466
          ],
          [
            -5.9633555,
            37.4162846
          ],
          [
            -5.9640374,
            37.4153841
          ],
          [
            -5.9641893,
            37.4151835
          ]
        ]
      },
      "properties": {
        "name": "Avenida de la Mujer Trabajadora",
        "id": "34760698",
        "wikipedia_link": "",
        "gender": "female",
        "scale": 2,
        "category": "historica",
        "typeofroad": "tertiary"
      }
    },
    {
      "type": "Feature",
      "geometry": {
        "type": "LineString",
        "coordinates": [
          [
            -5.9656606,
            37.4132692
          ],
          [
            -5.9648972,
            37.4142625
          ],
          [
            -5.9648428,
            37.4143333
          ],
          [
            -5.9641893,
            37.4151835
          ]
        ]
      },
      "properties": {
        "name": "Avenida de la Mujer Trabajadora",
        "id": "34760698",
        "wikipedia_link": "",
        "gender": "female",
        "scale": 2,
        "category": "historica",
        "typeofroad": "tertiary"
      }
    },
    {
      "type": "Feature",
      "geometry": {
        "type": "LineString",
        "coordinates": [
          [
            -5.9953398,
            37.3741139
          ],
          [
            -5.9946584,
            37.3741354
          ]
        ]
      },
      "properties": {
        "name": "Calle Virgen de Robledo",
        "id": "29472218",
        "wikipedia_link": "",
        "gender": "female",
        "scale": 2,
        "category": "religiosa",
        "typeofroad": "residential"
      }
    },
    {
      "type": "Feature",
      "geometry": {
        "type": "LineString",
        "coordinates": [
          [
            -5.9953398,
            37.3741139
          ],
          [
            -5.9953207,
            37.3736838
          ],
          [
            -5.9952965,
            37.373127
          ],
          [
            -5.9952941,
            37.3730607
          ],
          [
            -5.9952719,
            37.3725671
          ]
        ]
      },
      "properties": {
        "name": "Calle Virgen de Monserrat",
        "id": "29472219",
        "wikipedia_link": "",
        "gender": "female",
        "scale": 2,
        "category": "religiosa",
        "typeofroad": "residential"
      }
    },
    {
      "type": "Feature",
      "geometry": {
        "type": "LineString",
        "coordinates": [
          [
            -5.9673694,
            37.3632534
          ],
          [
            -5.9683257,
            37.3640163
          ],
          [
            -5.9685451,
            37.3641922
          ]
        ]
      },
      "properties": {
        "name": "Calle Madre de Cristo",
        "id": "73037132",
        "wikipedia_link": "",
        "gender": "female",
        "scale": 2,
        "category": "religiosa",
        "typeofroad": "tertiary"
      }
    },
    {
      "type": "Feature",
      "geometry": {
        "type": "LineString",
        "coordinates": [
          [
            -5.9752958,
            37.3710321
          ],
          [
            -5.9751085,
            37.3710004
          ],
          [
            -5.9746407,
            37.3710452
          ],
          [
            -5.9741758,
            37.3710898
          ],
          [
            -5.973924,
            37.3711139
          ],
          [
            -5.9737834,
            37.3711274
          ],
          [
            -5.9736967,
            37.3711068
          ],
          [
            -5.9736608,
            37.3710542
          ],
          [
            -5.9735508,
            37.3707069
          ],
          [
            -5.973536,
            37.3705679
          ]
        ]
      },
      "properties": {
        "name": "Calle Doña Clarines",
        "id": "36738306",
        "wikipedia_link": "",
        "gender": "female",
        "scale": 2,
        "category": "historica",
        "typeofroad": "residential"
      }
    },
    {
      "type": "Feature",
      "geometry": {
        "type": "LineString",
        "coordinates": [
          [
            -5.9800472,
            37.4058054
          ],
          [
            -5.9799407,
            37.4060057
          ],
          [
            -5.9798361,
            37.4062024
          ],
          [
            -5.9797439,
            37.4063759
          ],
          [
            -5.9796458,
            37.4065604
          ],
          [
            -5.9795524,
            37.4067361
          ],
          [
            -5.9795329,
            37.4067729
          ],
          [
            -5.9794393,
            37.4069447
          ],
          [
            -5.9793407,
            37.4071344
          ]
        ]
      },
      "properties": {
        "name": "Calle Madre San Marcelo",
        "id": "28354357",
        "wikipedia_link": "",
        "gender": "female",
        "scale": 2,
        "category": "religiosa",
        "typeofroad": "residential"
      }
    },
    {
      "type": "Feature",
      "geometry": {
        "type": "LineString",
        "coordinates": [
          [
            -5.9868303,
            37.3752292
          ],
          [
            -5.9868174,
            37.3752072
          ],
          [
            -5.9863326,
            37.3743802
          ]
        ]
      },
      "properties": {
        "name": "Avenida Isabel la Católica",
        "id": "37522266",
        "wikipedia_link": "https://es.wikipedia.org/wiki/Isabel_I_de_Castilla",
        "gender": "female",
        "scale": 2,
        "category": "historica",
        "typeofroad": "living_street"
      }
    },
    {
      "type": "Feature",
      "geometry": {
        "type": "LineString",
        "coordinates": [
          [
            -5.9703674,
            37.3263133
          ],
          [
            -5.9702457,
            37.327007
          ],
          [
            -5.9702082,
            37.327443
          ]
        ]
      },
      "properties": {
        "name": "Calle Feliciana Enríquez",
        "id": "79264175",
        "wikipedia_link": "https://es.wikipedia.org/wiki/Feliciana_Enríquez_de_Guzmán",
        "gender": "female",
        "scale": 2,
        "category": "escritora",
        "typeofroad": "residential"
      }
    },
    {
      "type": "Feature",
      "geometry": {
        "type": "LineString",
        "coordinates": [
          [
            -5.9877355,
            37.3768868
          ],
          [
            -5.9882829,
            37.377784
          ],
          [
            -5.9885018,
            37.3781428
          ],
          [
            -5.9885627,
            37.3782426
          ]
        ]
      },
      "properties": {
        "name": "Avenida Isabel la Católica",
        "id": "37522266",
        "wikipedia_link": "https://es.wikipedia.org/wiki/Isabel_I_de_Castilla",
        "gender": "female",
        "scale": 2,
        "category": "historica",
        "typeofroad": "living_street"
      }
    },
    {
      "type": "Feature",
      "geometry": {
        "type": "LineString",
        "coordinates": [
          [
            -5.9887444,
            37.3781725
          ],
          [
            -5.9886858,
            37.3780687
          ],
          [
            -5.9879208,
            37.3768164
          ]
        ]
      },
      "properties": {
        "name": "Avenida Isabel la Católica",
        "id": "37522266",
        "wikipedia_link": "https://es.wikipedia.org/wiki/Isabel_I_de_Castilla",
        "gender": "female",
        "scale": 2,
        "category": "historica",
        "typeofroad": "living_street"
      }
    },
    {
      "type": "Feature",
      "geometry": {
        "type": "LineString",
        "coordinates": [
          [
            -5.9479083,
            37.3750713
          ],
          [
            -5.9477297,
            37.3751653
          ],
          [
            -5.9477076,
            37.3751772
          ],
          [
            -5.9475627,
            37.3752536
          ]
        ]
      },
      "properties": {
        "name": "Avenida Doña Francisquita",
        "id": "36276132",
        "wikipedia_link": "",
        "gender": "female",
        "scale": 2,
        "category": "artista",
        "typeofroad": "residential"
      }
    },
    {
      "type": "Feature",
      "geometry": {
        "type": "LineString",
        "coordinates": [
          [
            -5.9495544,
            37.3741884
          ],
          [
            -5.949327,
            37.3743114
          ]
        ]
      },
      "properties": {
        "name": "Avenida Doña Francisquita",
        "id": "36276132",
        "wikipedia_link": "",
        "gender": "female",
        "scale": 2,
        "category": "artista",
        "typeofroad": "residential"
      }
    },
    {
      "type": "Feature",
      "geometry": {
        "type": "LineString",
        "coordinates": [
          [
            -5.9744262,
            37.3467276
          ],
          [
            -5.97436,
            37.3465822
          ]
        ]
      },
      "properties": {
        "name": "Calle María Galiana",
        "id": "70844076",
        "wikipedia_link": "https://es.wikipedia.org/wiki/María_Galiana",
        "gender": "female",
        "scale": 2,
        "category": "artista",
        "typeofroad": "residential"
      }
    },
    {
      "type": "Feature",
      "geometry": {
        "type": "LineString",
        "coordinates": [
          [
            -5.9834699,
            37.3944894
          ],
          [
            -5.9835285,
            37.3944053
          ],
          [
            -5.9835566,
            37.394365
          ],
          [
            -5.9836499,
            37.3942182
          ]
        ]
      },
      "properties": {
        "name": "Calle María Auxiliadora",
        "id": "28327507",
        "wikipedia_link": "https://es.wikipedia.org/wiki/María_Auxiliadora",
        "gender": "female",
        "scale": 2,
        "category": "santa",
        "typeofroad": "primary"
      }
    },
    {
      "type": "Feature",
      "geometry": {
        "type": "LineString",
        "coordinates": [
          [
            -5.9824127,
            37.4072606
          ],
          [
            -5.9826757,
            37.4072628
          ]
        ]
      },
      "properties": {
        "name": "Calle Sor Francisca Dorotea",
        "id": "27879609",
        "wikipedia_link": "",
        "gender": "female",
        "scale": 2,
        "category": "religiosa",
        "typeofroad": "primary"
      }
    },
    {
      "type": "Feature",
      "geometry": {
        "type": "LineString",
        "coordinates": [
          [
            -5.9736212,
            37.3618367
          ],
          [
            -5.9739341,
            37.3627289
          ],
          [
            -5.9739491,
            37.3627717
          ],
          [
            -5.9740163,
            37.3628699
          ]
        ]
      },
      "properties": {
        "name": "Calle Victoria Domínguez Cerrato",
        "id": "34761865",
        "wikipedia_link": "",
        "gender": "female",
        "scale": 2,
        "category": "politica",
        "typeofroad": "tertiary"
      }
    },
    {
      "type": "Feature",
      "geometry": {
        "type": "LineString",
        "coordinates": [
          [
            -5.9730718,
            37.3602601
          ],
          [
            -5.9732734,
            37.3608407
          ],
          [
            -5.9734224,
            37.3612698
          ],
          [
            -5.973519,
            37.3615452
          ],
          [
            -5.9736212,
            37.3618367
          ]
        ]
      },
      "properties": {
        "name": "Calle Victoria Domínguez Cerrato",
        "id": "34761865",
        "wikipedia_link": "",
        "gender": "female",
        "scale": 2,
        "category": "politica",
        "typeofroad": "tertiary"
      }
    },
    {
      "type": "Feature",
      "geometry": {
        "type": "LineString",
        "coordinates": [
          [
            -5.9844095,
            37.3891564
          ],
          [
            -5.9843676,
            37.3892612
          ],
          [
            -5.984354,
            37.3892952
          ],
          [
            -5.984235,
            37.3895952
          ],
          [
            -5.9841886,
            37.3897093
          ],
          [
            -5.9841356,
            37.3899414
          ],
          [
            -5.9841027,
            37.3900925
          ],
          [
            -5.9840623,
            37.3903623
          ],
          [
            -5.9840293,
            37.3906576
          ],
          [
            -5.984022,
            37.390873
          ],
          [
            -5.9840224,
            37.3908982
          ],
          [
            -5.9840238,
            37.3910398
          ],
          [
            -5.9840258,
            37.3912377
          ],
          [
            -5.9840269,
            37.3913528
          ],
          [
            -5.9840255,
            37.3914264
          ],
          [
            -5.9840143,
            37.3918393
          ],
          [
            -5.9840121,
            37.3919592
          ],
          [
            -5.9839866,
            37.392668
          ],
          [
            -5.9839477,
            37.3929746
          ],
          [
            -5.9839257,
            37.3930599
          ],
          [
            -5.9838056,
            37.3934893
          ],
          [
            -5.9837303,
            37.3937707
          ]
        ]
      },
      "properties": {
        "name": "Calle María Auxiliadora",
        "id": "28327507",
        "wikipedia_link": "https://es.wikipedia.org/wiki/María_Auxiliadora",
        "gender": "female",
        "scale": 2,
        "category": "santa",
        "typeofroad": "primary"
      }
    },
    {
      "type": "Feature",
      "geometry": {
        "type": "LineString",
        "coordinates": [
          [
            -5.9733551,
            37.3463346
          ],
          [
            -5.9735597,
            37.346777
          ]
        ]
      },
      "properties": {
        "name": "Calle Zenobia Camprubí",
        "id": "70850299",
        "wikipedia_link": "https://es.wikipedia.org/wiki/Zenobia_Camprubí",
        "gender": "female",
        "scale": 2,
        "category": "escritora",
        "typeofroad": "residential"
      }
    },
    {
      "type": "Feature",
      "geometry": {
        "type": "LineString",
        "coordinates": [
          [
            -5.98287,
            37.3795286
          ],
          [
            -5.9828084,
            37.3795601
          ]
        ]
      },
      "properties": {
        "name": "Glorieta Doña María de las Mercedes de Borbón y Orleans",
        "id": "22744108",
        "wikipedia_link": "https://es.wikipedia.org/wiki/Mercedes_de_Orleáns",
        "gender": "female",
        "scale": 2,
        "category": "historica",
        "typeofroad": "primary"
      }
    },
    {
      "type": "Feature",
      "geometry": {
        "type": "LineString",
        "coordinates": [
          [
            -5.9661657,
            37.3211708
          ],
          [
            -5.9661838,
            37.3214062
          ]
        ]
      },
      "properties": {
        "name": "Calle Talia",
        "id": "985195977",
        "wikipedia_link": "https://es.wikipedia.org/wiki/Talia",
        "gender": "female",
        "scale": 2,
        "category": "historica",
        "typeofroad": "residential"
      }
    },
    {
      "type": "Feature",
      "geometry": {
        "type": "LineString",
        "coordinates": [
          [
            -5.9710053,
            37.356841
          ],
          [
            -5.9714784,
            37.3567405
          ],
          [
            -5.9711659,
            37.355843
          ],
          [
            -5.9715211,
            37.3557555
          ]
        ]
      },
      "properties": {
        "name": "Calle Dulcinea",
        "id": "986877560",
        "wikipedia_link": "https://es.wikipedia.org/wiki/Dulcinea_del_Toboso",
        "gender": "female",
        "scale": 2,
        "category": "historica",
        "typeofroad": "pedestrian"
      }
    },
    {
      "type": "Feature",
      "geometry": {
        "type": "LineString",
        "coordinates": [
          [
            -5.9716535,
            37.3574539
          ],
          [
            -5.9714758,
            37.3569506
          ],
          [
            -5.9711338,
            37.3570176
          ],
          [
            -5.9710301,
            37.3569128
          ]
        ]
      },
      "properties": {
        "name": "Calle Yerma",
        "id": "986877562",
        "wikipedia_link": "https://es.wikipedia.org/wiki/Yerma",
        "gender": "female",
        "scale": 2,
        "category": "historica",
        "typeofroad": "pedestrian"
      }
    },
    {
      "type": "Feature",
      "geometry": {
        "type": "LineString",
        "coordinates": [
          [
            -5.9988053,
            37.3740031
          ],
          [
            -5.9981712,
            37.3740069
          ]
        ]
      },
      "properties": {
        "name": "Calle Virgen de Cuatrovitas",
        "id": "987446303",
        "wikipedia_link": "",
        "gender": "female",
        "scale": 2,
        "category": "religiosa",
        "typeofroad": "pedestrian"
      }
    },
    {
      "type": "Feature",
      "geometry": {
        "type": "LineString",
        "coordinates": [
          [
            -5.9924913,
            37.3986365
          ],
          [
            -5.9925791,
            37.3987498
          ]
        ]
      },
      "properties": {
        "name": "Calle Santa Rufina",
        "id": "19909787",
        "wikipedia_link": "https://es.wikipedia.org/wiki/Santa_Rufina",
        "gender": "female",
        "scale": 2,
        "category": "santa",
        "typeofroad": "living_street"
      }
    },
    {
      "type": "Feature",
      "geometry": {
        "type": "LineString",
        "coordinates": [
          [
            -5.9653751,
            37.3930729
          ],
          [
            -5.9651368,
            37.3935662
          ],
          [
            -5.9653086,
            37.3936171
          ],
          [
            -5.9651426,
            37.3939395
          ]
        ]
      },
      "properties": {
        "name": "Pasaje Virgen de la Humildad",
        "id": "1116984681",
        "wikipedia_link": "",
        "gender": "female",
        "scale": 2,
        "category": "religiosa",
        "typeofroad": "pedestrian"
      }
    },
    {
      "type": "Feature",
      "geometry": {
        "type": "LineString",
        "coordinates": [
          [
            -5.9209264,
            37.4096548
          ],
          [
            -5.9203384,
            37.4106844
          ]
        ]
      },
      "properties": {
        "name": "Calle Concepción Estevarena",
        "id": "52031452",
        "wikipedia_link": "",
        "gender": "female",
        "scale": 2,
        "category": "historica",
        "typeofroad": "residential"
      }
    },
    {
      "type": "Feature",
      "geometry": {
        "type": "LineString",
        "coordinates": [
          [
            -5.9583805,
            37.3789458
          ],
          [
            -5.9583905,
            37.3789576
          ],
          [
            -5.958425,
            37.3789987
          ]
        ]
      },
      "properties": {
        "name": "Calle María Briceño",
        "id": "75171311",
        "wikipedia_link": "https://es.wikipedia.org/wiki/María_Briceño",
        "gender": "female",
        "scale": 2,
        "category": "religiosa",
        "typeofroad": "residential"
      }
    },
    {
      "type": "Feature",
      "geometry": {
        "type": "LineString",
        "coordinates": [
          [
            -5.9590042,
            37.3787845
          ],
          [
            -5.9589191,
            37.3786938
          ]
        ]
      },
      "properties": {
        "name": "Calle Guiomar de Ulloa",
        "id": "75171305",
        "wikipedia_link": "https://es.wikipedia.org/wiki/Guiomar_de_Ulloa",
        "gender": "female",
        "scale": 2,
        "category": "religiosa",
        "typeofroad": "residential"
      }
    },
    {
      "type": "Feature",
      "geometry": {
        "type": "LineString",
        "coordinates": [
          [
            -5.9842721,
            37.4042395
          ],
          [
            -5.9844892,
            37.4042675
          ]
        ]
      },
      "properties": {
        "name": "Nucleo Residencial Nuestra Señora del Amparo",
        "id": "1146792846",
        "wikipedia_link": "",
        "gender": "female",
        "scale": 2,
        "category": "religiosa",
        "typeofroad": "service"
      }
    },
    {
      "type": "Feature",
      "geometry": {
        "type": "LineString",
        "coordinates": [
          [
            -5.9842721,
            37.4042395
          ],
          [
            -5.9842568,
            37.4042973
          ],
          [
            -5.9841025,
            37.404279
          ],
          [
            -5.9840961,
            37.4043013
          ],
          [
            -5.9839855,
            37.4042904
          ],
          [
            -5.9838471,
            37.4042768
          ],
          [
            -5.9837883,
            37.404271
          ],
          [
            -5.9836123,
            37.404251
          ]
        ]
      },
      "properties": {
        "name": "Nucleo Residencial Nuestra Señora del Amparo",
        "id": "1146792846",
        "wikipedia_link": "",
        "gender": "female",
        "scale": 2,
        "category": "religiosa",
        "typeofroad": "service"
      }
    },
    {
      "type": "Feature",
      "geometry": {
        "type": "LineString",
        "coordinates": [
          [
            -5.9834831,
            37.4049176
          ],
          [
            -5.9835041,
            37.4048146
          ],
          [
            -5.9835297,
            37.4046793
          ],
          [
            -5.9835436,
            37.4046059
          ],
          [
            -5.9835568,
            37.4045374
          ],
          [
            -5.9836091,
            37.4042675
          ],
          [
            -5.9836123,
            37.404251
          ],
          [
            -5.9836265,
            37.4041777
          ]
        ]
      },
      "properties": {
        "name": "Nucleo Residencial Nuestra Señora del Amparo",
        "id": "1146792846",
        "wikipedia_link": "",
        "gender": "female",
        "scale": 2,
        "category": "religiosa",
        "typeofroad": "service"
      }
    },
    {
      "type": "Feature",
      "geometry": {
        "type": "LineString",
        "coordinates": [
          [
            -5.9836753,
            37.4041833
          ],
          [
            -5.9836265,
            37.4041777
          ],
          [
            -5.9835812,
            37.4041725
          ],
          [
            -5.9836242,
            37.4039374
          ],
          [
            -5.9837182,
            37.4039483
          ],
          [
            -5.9836753,
            37.4041833
          ]
        ]
      },
      "properties": {
        "name": "Nucleo Residencial Nuestra Señora del Amparo",
        "id": "1146792846",
        "wikipedia_link": "",
        "gender": "female",
        "scale": 2,
        "category": "religiosa",
        "typeofroad": "service"
      }
    },
    {
      "type": "Feature",
      "geometry": {
        "type": "LineString",
        "coordinates": [
          [
            -5.9837883,
            37.404271
          ],
          [
            -5.9837805,
            37.404312
          ]
        ]
      },
      "properties": {
        "name": "Nucleo Residencial Nuestra Señora del Amparo",
        "id": "1146792846",
        "wikipedia_link": "",
        "gender": "female",
        "scale": 2,
        "category": "religiosa",
        "typeofroad": "service"
      }
    },
    {
      "type": "Feature",
      "geometry": {
        "type": "LineString",
        "coordinates": [
          [
            -5.9839855,
            37.4042904
          ],
          [
            -5.9839778,
            37.4043351
          ]
        ]
      },
      "properties": {
        "name": "Nucleo Residencial Nuestra Señora del Amparo",
        "id": "1146792846",
        "wikipedia_link": "",
        "gender": "female",
        "scale": 2,
        "category": "religiosa",
        "typeofroad": "service"
      }
    },
    {
      "type": "Feature",
      "geometry": {
        "type": "LineString",
        "coordinates": [
          [
            -5.9844444,
            37.4044849
          ],
          [
            -5.9840726,
            37.4044479
          ]
        ]
      },
      "properties": {
        "name": "Nucleo Residencial Nuestra Señora del Amparo",
        "id": "1146792846",
        "wikipedia_link": "",
        "gender": "female",
        "scale": 2,
        "category": "religiosa",
        "typeofroad": "service"
      }
    },
    {
      "type": "Feature",
      "geometry": {
        "type": "LineString",
        "coordinates": [
          [
            -5.9840726,
            37.4044479
          ],
          [
            -5.9840961,
            37.4043013
          ]
        ]
      },
      "properties": {
        "name": "Nucleo Residencial Nuestra Señora del Amparo",
        "id": "1146792846",
        "wikipedia_link": "",
        "gender": "female",
        "scale": 2,
        "category": "religiosa",
        "typeofroad": "service"
      }
    },
    {
      "type": "Feature",
      "geometry": {
        "type": "LineString",
        "coordinates": [
          [
            -5.9842609,
            37.404799
          ],
          [
            -5.9842002,
            37.4047921
          ],
          [
            -5.9839897,
            37.4047683
          ],
          [
            -5.983902,
            37.4047585
          ],
          [
            -5.9838902,
            37.4048063
          ],
          [
            -5.9837963,
            37.4047994
          ]
        ]
      },
      "properties": {
        "name": "Nucleo Residencial Nuestra Señora del Amparo",
        "id": "1146792846",
        "wikipedia_link": "",
        "gender": "female",
        "scale": 2,
        "category": "religiosa",
        "typeofroad": "service"
      }
    },
    {
      "type": "Feature",
      "geometry": {
        "type": "LineString",
        "coordinates": [
          [
            -5.98398,
            37.4048159
          ],
          [
            -5.9839897,
            37.4047683
          ],
          [
            -5.9840099,
            37.4046554
          ],
          [
            -5.9840447,
            37.4044602
          ],
          [
            -5.9840726,
            37.4044479
          ]
        ]
      },
      "properties": {
        "name": "Nucleo Residencial Nuestra Señora del Amparo",
        "id": "1146792846",
        "wikipedia_link": "",
        "gender": "female",
        "scale": 2,
        "category": "religiosa",
        "typeofroad": "service"
      }
    },
    {
      "type": "Feature",
      "geometry": {
        "type": "LineString",
        "coordinates": [
          [
            -5.9842002,
            37.4047921
          ],
          [
            -5.9841888,
            37.4048408
          ]
        ]
      },
      "properties": {
        "name": "Nucleo Residencial Nuestra Señora del Amparo",
        "id": "1146792846",
        "wikipedia_link": "",
        "gender": "female",
        "scale": 2,
        "category": "religiosa",
        "typeofroad": "service"
      }
    },
    {
      "type": "Feature",
      "geometry": {
        "type": "LineString",
        "coordinates": [
          [
            -5.9840099,
            37.4046554
          ],
          [
            -5.983879,
            37.404641
          ],
          [
            -5.9838094,
            37.4046333
          ],
          [
            -5.9835436,
            37.4046059
          ]
        ]
      },
      "properties": {
        "name": "Nucleo Residencial Nuestra Señora del Amparo",
        "id": "1146792846",
        "wikipedia_link": "",
        "gender": "female",
        "scale": 2,
        "category": "religiosa",
        "typeofroad": "service"
      }
    },
    {
      "type": "Feature",
      "geometry": {
        "type": "LineString",
        "coordinates": [
          [
            -5.9838094,
            37.4046333
          ],
          [
            -5.9838005,
            37.4046773
          ]
        ]
      },
      "properties": {
        "name": "Nucleo Residencial Nuestra Señora del Amparo",
        "id": "1146792846",
        "wikipedia_link": "",
        "gender": "female",
        "scale": 2,
        "category": "religiosa",
        "typeofroad": "service"
      }
    },
    {
      "type": "Feature",
      "geometry": {
        "type": "LineString",
        "coordinates": [
          [
            -5.983879,
            37.404641
          ],
          [
            -5.9838875,
            37.4045838
          ]
        ]
      },
      "properties": {
        "name": "Nucleo Residencial Nuestra Señora del Amparo",
        "id": "1146792846",
        "wikipedia_link": "",
        "gender": "female",
        "scale": 2,
        "category": "religiosa",
        "typeofroad": "service"
      }
    },
    {
      "type": "Feature",
      "geometry": {
        "type": "LineString",
        "coordinates": [
          [
            -5.9834478,
            37.4048086
          ],
          [
            -5.9835041,
            37.4048146
          ],
          [
            -5.9835921,
            37.404822
          ]
        ]
      },
      "properties": {
        "name": "Nucleo Residencial Nuestra Señora del Amparo",
        "id": "1146792846",
        "wikipedia_link": "",
        "gender": "female",
        "scale": 2,
        "category": "religiosa",
        "typeofroad": "service"
      }
    },
    {
      "type": "Feature",
      "geometry": {
        "type": "LineString",
        "coordinates": [
          [
            -5.9838471,
            37.4042768
          ],
          [
            -5.9838595,
            37.4042051
          ],
          [
            -5.9838623,
            37.4041893
          ]
        ]
      },
      "properties": {
        "name": "Nucleo Residencial Nuestra Señora del Amparo",
        "id": "1146792846",
        "wikipedia_link": "",
        "gender": "female",
        "scale": 2,
        "category": "religiosa",
        "typeofroad": "service"
      }
    },
    {
      "type": "Feature",
      "geometry": {
        "type": "LineString",
        "coordinates": [
          [
            -5.9836753,
            37.4041833
          ],
          [
            -5.9838595,
            37.4042051
          ]
        ]
      },
      "properties": {
        "name": "Nucleo Residencial Nuestra Señora del Amparo",
        "id": "1146792846",
        "wikipedia_link": "",
        "gender": "female",
        "scale": 2,
        "category": "religiosa",
        "typeofroad": "service"
      }
    },
    {
      "type": "Feature",
      "geometry": {
        "type": "LineString",
        "coordinates": [
          [
            -5.9834831,
            37.4049176
          ],
          [
            -5.9837903,
            37.4049383
          ]
        ]
      },
      "properties": {
        "name": "Nucleo Residencial Nuestra Señora del Amparo",
        "id": "1146792846",
        "wikipedia_link": "",
        "gender": "female",
        "scale": 2,
        "category": "religiosa",
        "typeofroad": "service"
      }
    },
    {
      "type": "Feature",
      "geometry": {
        "type": "LineString",
        "coordinates": [
          [
            -5.9835297,
            37.4046793
          ],
          [
            -5.9834726,
            37.4046722
          ]
        ]
      },
      "properties": {
        "name": "Nucleo Residencial Nuestra Señora del Amparo",
        "id": "1146792846",
        "wikipedia_link": "",
        "gender": "female",
        "scale": 2,
        "category": "religiosa",
        "typeofroad": "service"
      }
    },
    {
      "type": "Feature",
      "geometry": {
        "type": "LineString",
        "coordinates": [
          [
            -5.9835568,
            37.4045374
          ],
          [
            -5.9834985,
            37.4045295
          ]
        ]
      },
      "properties": {
        "name": "Nucleo Residencial Nuestra Señora del Amparo",
        "id": "1146792846",
        "wikipedia_link": "",
        "gender": "female",
        "scale": 2,
        "category": "religiosa",
        "typeofroad": "service"
      }
    },
    {
      "type": "Feature",
      "geometry": {
        "type": "LineString",
        "coordinates": [
          [
            -5.9836091,
            37.4042675
          ],
          [
            -5.9835475,
            37.4042601
          ]
        ]
      },
      "properties": {
        "name": "Nucleo Residencial Nuestra Señora del Amparo",
        "id": "1146792846",
        "wikipedia_link": "",
        "gender": "female",
        "scale": 2,
        "category": "religiosa",
        "typeofroad": "service"
      }
    },
    {
      "type": "Feature",
      "geometry": {
        "type": "LineString",
        "coordinates": [
          [
            -5.9871016,
            37.3961668
          ],
          [
            -5.9870714,
            37.396458
          ],
          [
            -5.987086,
            37.3964608
          ]
        ]
      },
      "properties": {
        "name": "Plaza Santa Isabel",
        "id": "1148885361",
        "wikipedia_link": "https://es.wikipedia.org/wiki/Santa_Isabel",
        "gender": "female",
        "scale": 2,
        "category": "santa",
        "typeofroad": "footway"
      }
    },
    {
      "type": "Feature",
      "geometry": {
        "type": "LineString",
        "coordinates": [
          [
            -5.9764509,
            37.3865782
          ],
          [
            -5.9765148,
            37.3860634
          ]
        ]
      },
      "properties": {
        "name": "Calle Virgen de Valvanera",
        "id": "35784941",
        "wikipedia_link": "",
        "gender": "female",
        "scale": 2,
        "category": "religiosa",
        "typeofroad": "residential"
      }
    },
    {
      "type": "Feature",
      "geometry": {
        "type": "LineString",
        "coordinates": [
          [
            -5.9789365,
            37.3706399
          ],
          [
            -5.9787049,
            37.3706751
          ],
          [
            -5.9786012,
            37.3702362
          ],
          [
            -5.9788305,
            37.3702016
          ],
          [
            -5.9789365,
            37.3706399
          ]
        ]
      },
      "properties": {
        "name": "Plaza Ernestina de Champourcin",
        "id": "1159018125",
        "wikipedia_link": "https://es.wikipedia.org/wiki/Ernestina_de_Champourcin",
        "gender": "female",
        "scale": 2,
        "category": "escritora",
        "typeofroad": "pedestrian"
      }
    },
    {
      "type": "Feature",
      "geometry": {
        "type": "LineString",
        "coordinates": [
          [
            -6.0014404,
            37.3821404
          ],
          [
            -6.0013309,
            37.3822391
          ],
          [
            -6.0011215,
            37.3824278
          ],
          [
            -6.0010918,
            37.3824546
          ]
        ]
      },
      "properties": {
        "name": "Pasaje Sor Ángela Hinojosa",
        "id": "1159025091",
        "wikipedia_link": "",
        "gender": "female",
        "scale": 2,
        "category": "religiosa",
        "typeofroad": "footway"
      }
    },
    {
      "type": "Feature",
      "geometry": {
        "type": "LineString",
        "coordinates": [
          [
            -5.9903089,
            37.3871957
          ],
          [
            -5.990049,
            37.3874832
          ]
        ]
      },
      "properties": {
        "name": "Calle Madre Mercedes Trullas",
        "id": "1173223969",
        "wikipedia_link": "",
        "gender": "female",
        "scale": 2,
        "category": "religiosa",
        "typeofroad": "pedestrian"
      }
    },
    {
      "type": "Feature",
      "geometry": {
        "type": "LineString",
        "coordinates": [
          [
            -5.9835881,
            37.394167
          ],
          [
            -5.98348,
            37.3943306
          ],
          [
            -5.9834539,
            37.39437
          ],
          [
            -5.9833959,
            37.3944535
          ],
          [
            -5.9832348,
            37.3947018
          ],
          [
            -5.9828655,
            37.3952079
          ],
          [
            -5.9827425,
            37.3953778
          ],
          [
            -5.9825833,
            37.3955987
          ],
          [
            -5.9825047,
            37.3957054
          ],
          [
            -5.9824092,
            37.3958408
          ],
          [
            -5.9823235,
            37.3959565
          ],
          [
            -5.9822888,
            37.3960038
          ],
          [
            -5.9817886,
            37.396659
          ],
          [
            -5.9816497,
            37.3968535
          ],
          [
            -5.9816329,
            37.396877
          ],
          [
            -5.9815374,
            37.3970106
          ],
          [
            -5.9815083,
            37.3970575
          ],
          [
            -5.9813849,
            37.3972557
          ],
          [
            -5.9813641,
            37.3973682
          ],
          [
            -5.981361,
            37.3973929
          ],
          [
            -5.9813573,
            37.3974439
          ]
        ]
      },
      "properties": {
        "name": "Calle María Auxiliadora",
        "id": "28327507",
        "wikipedia_link": "https://es.wikipedia.org/wiki/María_Auxiliadora",
        "gender": "female",
        "scale": 2,
        "category": "santa",
        "typeofroad": "primary"
      }
    },
    {
      "type": "Feature",
      "geometry": {
        "type": "LineString",
        "coordinates": [
          [
            -5.9837303,
            37.3937707
          ],
          [
            -5.9836941,
            37.3938878
          ]
        ]
      },
      "properties": {
        "name": "Calle María Auxiliadora",
        "id": "28327507",
        "wikipedia_link": "https://es.wikipedia.org/wiki/María_Auxiliadora",
        "gender": "female",
        "scale": 2,
        "category": "santa",
        "typeofroad": "primary"
      }
    },
    {
      "type": "Feature",
      "geometry": {
        "type": "LineString",
        "coordinates": [
          [
            -5.9879801,
            37.4108898
          ],
          [
            -5.988161,
            37.4105558
          ]
        ]
      },
      "properties": {
        "name": "Calle Fedra",
        "id": "49400740",
        "wikipedia_link": "https://es.wikipedia.org/wiki/Fedra",
        "gender": "female",
        "scale": 2,
        "category": "historica",
        "typeofroad": "residential"
      }
    },
    {
      "type": "Feature",
      "geometry": {
        "type": "LineString",
        "coordinates": [
          [
            -5.988161,
            37.4105558
          ],
          [
            -5.9881642,
            37.4103943
          ]
        ]
      },
      "properties": {
        "name": "Calle Fedra",
        "id": "49400740",
        "wikipedia_link": "https://es.wikipedia.org/wiki/Fedra",
        "gender": "female",
        "scale": 2,
        "category": "historica",
        "typeofroad": "residential"
      }
    },
    {
      "type": "Feature",
      "geometry": {
        "type": "LineString",
        "coordinates": [
          [
            -5.9656403,
            37.3868095
          ],
          [
            -5.96556,
            37.3874335
          ],
          [
            -5.9655572,
            37.3874553
          ]
        ]
      },
      "properties": {
        "name": "Calle Santa Elena",
        "id": "1180406142",
        "wikipedia_link": "",
        "gender": "female",
        "scale": 2,
        "category": "santa",
        "typeofroad": "residential"
      }
    },
    {
      "type": "Feature",
      "geometry": {
        "type": "LineString",
        "coordinates": [
          [
            -5.9657069,
            37.3862476
          ],
          [
            -5.9656403,
            37.3868095
          ]
        ]
      },
      "properties": {
        "name": "Calle Santa Elena",
        "id": "1180406142",
        "wikipedia_link": "",
        "gender": "female",
        "scale": 2,
        "category": "santa",
        "typeofroad": "residential"
      }
    },
    {
      "type": "Feature",
      "geometry": {
        "type": "LineString",
        "coordinates": [
          [
            -5.9657069,
            37.3862476
          ],
          [
            -5.965767,
            37.3857718
          ]
        ]
      },
      "properties": {
        "name": "Calle Santa Elena",
        "id": "1180406142",
        "wikipedia_link": "",
        "gender": "female",
        "scale": 2,
        "category": "santa",
        "typeofroad": "residential"
      }
    },
    {
      "type": "Feature",
      "geometry": {
        "type": "LineString",
        "coordinates": [
          [
            -5.9981279,
            37.373606
          ],
          [
            -5.998113,
            37.3732534
          ]
        ]
      },
      "properties": {
        "name": "Calle Virgen del Valle",
        "id": "29472059",
        "wikipedia_link": "",
        "gender": "female",
        "scale": 2,
        "category": "religiosa",
        "typeofroad": "residential"
      }
    },
    {
      "type": "Feature",
      "geometry": {
        "type": "LineString",
        "coordinates": [
          [
            -5.9734346,
            37.3444593
          ],
          [
            -5.9734208,
            37.3443674
          ],
          [
            -5.9734428,
            37.3443099
          ],
          [
            -5.9735113,
            37.3442682
          ],
          [
            -5.9736004,
            37.3442533
          ],
          [
            -5.9736707,
            37.3442644
          ],
          [
            -5.9737452,
            37.3442887
          ],
          [
            -5.9738069,
            37.3443124
          ],
          [
            -5.9738251,
            37.3443194
          ],
          [
            -5.9738669,
            37.3443351
          ]
        ]
      },
      "properties": {
        "name": "Calle María Galiana",
        "id": "70844076",
        "wikipedia_link": "https://es.wikipedia.org/wiki/María_Galiana",
        "gender": "female",
        "scale": 2,
        "category": "artista",
        "typeofroad": "residential"
      }
    },
    {
      "type": "Feature",
      "geometry": {
        "type": "LineString",
        "coordinates": [
          [
            -5.9767466,
            37.4147874
          ],
          [
            -5.9768521,
            37.4147531
          ],
          [
            -5.9769619,
            37.4147213
          ],
          [
            -5.9771939,
            37.4146563
          ],
          [
            -5.978322,
            37.4143527
          ],
          [
            -5.978422,
            37.4143225
          ]
        ]
      },
      "properties": {
        "name": "Calle Victoria Kent",
        "id": "58989888",
        "wikipedia_link": "https://es.wikipedia.org/wiki/Victoria_Kent",
        "gender": "female",
        "scale": 2,
        "category": "politica",
        "typeofroad": "residential"
      }
    },
    {
      "type": "Feature",
      "geometry": {
        "type": "LineString",
        "coordinates": [
          [
            -5.9465111,
            37.3853362
          ],
          [
            -5.9466198,
            37.3853401
          ],
          [
            -5.946617,
            37.3853905
          ],
          [
            -5.9468935,
            37.3853992
          ],
          [
            -5.9470025,
            37.3854026
          ],
          [
            -5.9471864,
            37.3854097
          ],
          [
            -5.9475467,
            37.3854238
          ]
        ]
      },
      "properties": {
        "name": "Calle María Santísima de la Caridad",
        "id": "1285591107",
        "wikipedia_link": "",
        "gender": "female",
        "scale": 2,
        "category": "religiosa",
        "typeofroad": "footway"
      }
    },
    {
      "type": "Feature",
      "geometry": {
        "type": "LineString",
        "coordinates": [
          [
            -5.9902584,
            37.3927955
          ],
          [
            -5.9902145,
            37.3928812
          ],
          [
            -5.9902662,
            37.3929787
          ]
        ]
      },
      "properties": {
        "name": "Calle Santa Ángela de la Cruz",
        "id": "19804755",
        "wikipedia_link": "https://es.wikipedia.org/wiki/Ángela_de_la_Cruz",
        "gender": "female",
        "scale": 2,
        "category": "santa",
        "typeofroad": "residential"
      }
    },
    {
      "type": "Feature",
      "geometry": {
        "type": "LineString",
        "coordinates": [
          [
            -6.0102216,
            37.3897005
          ],
          [
            -6.0101738,
            37.3897746
          ],
          [
            -6.0100966,
            37.3898395
          ]
        ]
      },
      "properties": {
        "name": "Calle Virgen del Patrocinio",
        "id": "28604304",
        "wikipedia_link": "",
        "gender": "female",
        "scale": 2,
        "category": "religiosa",
        "typeofroad": "primary"
      }
    },
    {
      "type": "Feature",
      "geometry": {
        "type": "LineString",
        "coordinates": [
          [
            -5.9965777,
            37.3862843
          ],
          [
            -5.9966497,
            37.386205
          ]
        ]
      },
      "properties": {
        "name": "Calle Antonia Díaz",
        "id": "28111986",
        "wikipedia_link": "",
        "gender": "female",
        "scale": 2,
        "category": "escritora",
        "typeofroad": "residential"
      }
    },
    {
      "type": "Feature",
      "geometry": {
        "type": "LineString",
        "coordinates": [
          [
            -5.9730955,
            37.343598
          ],
          [
            -5.9730837,
            37.3436414
          ],
          [
            -5.973089,
            37.3436915
          ],
          [
            -5.9733604,
            37.3442966
          ],
          [
            -5.9734346,
            37.3444593
          ]
        ]
      },
      "properties": {
        "name": "Calle María Galiana",
        "id": "70844076",
        "wikipedia_link": "https://es.wikipedia.org/wiki/María_Galiana",
        "gender": "female",
        "scale": 2,
        "category": "artista",
        "typeofroad": "residential"
      }
    },
    {
      "type": "Feature",
      "geometry": {
        "type": "LineString",
        "coordinates": [
          [
            -5.9155468,
            37.3848703
          ],
          [
            -5.9151214,
            37.3848574
          ]
        ]
      },
      "properties": {
        "name": "Calle Virgen de la Capilla",
        "id": "56048746",
        "wikipedia_link": "",
        "gender": "female",
        "scale": 2,
        "category": "religiosa",
        "typeofroad": "residential"
      }
    },
    {
      "type": "Feature",
      "geometry": {
        "type": "LineString",
        "coordinates": [
          [
            -5.9269119,
            37.3998375
          ],
          [
            -5.9260217,
            37.4002485
          ]
        ]
      },
      "properties": {
        "name": "Calle Carmen Chacón Piqueras",
        "id": "1411132140",
        "wikipedia_link": "https://es.wikipedia.org/wiki/Carmen_Chacón_Piqueras",
        "gender": "female",
        "scale": 2,
        "category": "politica",
        "typeofroad": "pedestrian"
      }
    },
    {
      "type": "Feature",
      "geometry": {
        "type": "LineString",
        "coordinates": [
          [
            -5.9898039,
            37.4029559
          ],
          [
            -5.9898266,
            37.4028872
          ],
          [
            -5.9898554,
            37.4028001
          ],
          [
            -5.9896675,
            37.4027724
          ],
          [
            -5.989513,
            37.4027287
          ],
          [
            -5.9893353,
            37.4026711
          ],
          [
            -5.9892771,
            37.4026285
          ],
          [
            -5.9892131,
            37.4026448
          ],
          [
            -5.9891783,
            37.4026751
          ],
          [
            -5.9891568,
            37.4027071
          ],
          [
            -5.9891561,
            37.4027469
          ],
          [
            -5.9892189,
            37.4027407
          ],
          [
            -5.9892939,
            37.4027332
          ],
          [
            -5.9892969,
            37.4027524
          ],
          [
            -5.989308,
            37.4027513
          ],
          [
            -5.9893187,
            37.4028199
          ],
          [
            -5.9892951,
            37.4028222
          ],
          [
            -5.989294,
            37.4028152
          ],
          [
            -5.9892315,
            37.4028214
          ],
          [
            -5.9891796,
            37.4028265
          ],
          [
            -5.9891819,
            37.402874
          ],
          [
            -5.9891728,
            37.4028815
          ],
          [
            -5.9890914,
            37.4029411
          ],
          [
            -5.9890903,
            37.4029557
          ],
          [
            -5.9890891,
            37.4029713
          ],
          [
            -5.9891709,
            37.4029649
          ],
          [
            -5.989246,
            37.4029383
          ],
          [
            -5.9892668,
            37.402934
          ],
          [
            -5.9893604,
            37.4029337
          ],
          [
            -5.9897248,
            37.4029324
          ],
          [
            -5.9897657,
            37.4029399
          ],
          [
            -5.9897854,
            37.4029469
          ],
          [
            -5.9898039,
            37.4029559
          ]
        ]
      },
      "properties": {
        "name": "Plaza Esperanza Macarena",
        "id": "1428300410",
        "wikipedia_link": "",
        "gender": "female",
        "scale": 2,
        "category": "religiosa",
        "typeofroad": "pedestrian"
      }
    },
    {
      "type": "Feature",
      "geometry": {
        "type": "LineString",
        "coordinates": [
          [
            -5.9836941,
            37.3938878
          ],
          [
            -5.9836766,
            37.3939421
          ],
          [
            -5.9836378,
            37.394066
          ],
          [
            -5.9836238,
            37.3940971
          ],
          [
            -5.9835881,
            37.394167
          ]
        ]
      },
      "properties": {
        "name": "Calle María Auxiliadora",
        "id": "28327507",
        "wikipedia_link": "https://es.wikipedia.org/wiki/María_Auxiliadora",
        "gender": "female",
        "scale": 2,
        "category": "santa",
        "typeofroad": "primary"
      }
    },
    {
      "type": "Feature",
      "geometry": {
        "type": "LineString",
        "coordinates": [
          [
            -5.9850113,
            37.3877355
          ],
          [
            -5.9848972,
            37.3878574
          ],
          [
            -5.9848664,
            37.3879453
          ],
          [
            -5.9848391,
            37.3880288
          ],
          [
            -5.9847967,
            37.3881638
          ],
          [
            -5.9844095,
            37.3891564
          ]
        ]
      },
      "properties": {
        "name": "Calle María Auxiliadora",
        "id": "28327507",
        "wikipedia_link": "https://es.wikipedia.org/wiki/María_Auxiliadora",
        "gender": "female",
        "scale": 2,
        "category": "santa",
        "typeofroad": "primary"
      }
    },
    {
      "type": "Feature",
      "geometry": {
        "type": "LineString",
        "coordinates": [
          [
            -5.9752842,
            37.3493055
          ],
          [
            -5.9751537,
            37.3486955
          ]
        ]
      },
      "properties": {
        "name": "Calle María Galiana",
        "id": "70844076",
        "wikipedia_link": "https://es.wikipedia.org/wiki/María_Galiana",
        "gender": "female",
        "scale": 2,
        "category": "artista",
        "typeofroad": "residential"
      }
    },
    {
      "type": "Feature",
      "geometry": {
        "type": "LineString",
        "coordinates": [
          [
            -5.9199113,
            37.4080428
          ],
          [
            -5.9198239,
            37.4082024
          ],
          [
            -5.9196703,
            37.4084592
          ]
        ]
      },
      "properties": {
        "name": "Calle Emilia Barral",
        "id": "75738993",
        "wikipedia_link": "https://es.wikipedia.org/wiki/Emiliano_Barral",
        "gender": "female",
        "scale": 2,
        "category": "artista",
        "typeofroad": "residential"
      }
    },
    {
      "type": "Feature",
      "geometry": {
        "type": "LineString",
        "coordinates": [
          [
            -5.9217149,
            37.4013229
          ],
          [
            -5.9216352,
            37.4012075
          ],
          [
            -5.9212713,
            37.4007052
          ],
          [
            -5.9211857,
            37.4005818
          ]
        ]
      },
      "properties": {
        "name": "Calle Doctora Navarro Rodríguez",
        "id": "37590845",
        "wikipedia_link": "",
        "gender": "female",
        "scale": 2,
        "category": "cientifica",
        "typeofroad": "residential"
      }
    },
    {
      "type": "Feature",
      "geometry": {
        "type": "LineString",
        "coordinates": [
          [
            -5.9689068,
            37.3248854
          ],
          [
            -5.9689801,
            37.3248169
          ],
          [
            -5.9690137,
            37.3247902
          ],
          [
            -5.9691107,
            37.324748
          ],
          [
            -5.9691704,
            37.3247384
          ],
          [
            -5.9692036,
            37.3247379
          ],
          [
            -5.9692612,
            37.3247466
          ],
          [
            -5.9695006,
            37.3248311
          ],
          [
            -5.9700882,
            37.3249928
          ],
          [
            -5.9703788,
            37.3250442
          ],
          [
            -5.9709152,
            37.3250442
          ]
        ]
      },
      "properties": {
        "name": "Calle Camino de la Ermita de la Virgen de Valme",
        "id": "79264171",
        "wikipedia_link": "",
        "gender": "female",
        "scale": 2,
        "category": "religiosa",
        "typeofroad": "tertiary"
      }
    },
    {
      "type": "Feature",
      "geometry": {
        "type": "LineString",
        "coordinates": [
          [
            -5.94777,
            37.3663158
          ],
          [
            -5.9479125,
            37.3662497
          ],
          [
            -5.9479474,
            37.3662335
          ],
          [
            -5.9480405,
            37.3661888
          ],
          [
            -5.9481067,
            37.3661619
          ],
          [
            -5.9483049,
            37.366089
          ],
          [
            -5.9484353,
            37.3660433
          ],
          [
            -5.9490852,
            37.3658154
          ],
          [
            -5.9492186,
            37.3657645
          ]
        ]
      },
      "properties": {
        "name": "Calle Carmen Vendrell",
        "id": "36276103",
        "wikipedia_link": "",
        "gender": "female",
        "scale": 2,
        "category": "historica",
        "typeofroad": "residential"
      }
    },
    {
      "type": "Feature",
      "geometry": {
        "type": "LineString",
        "coordinates": [
          [
            -5.9836242,
            37.4039374
          ],
          [
            -5.9836394,
            37.4038487
          ]
        ]
      },
      "properties": {
        "name": "Nucleo Residencial Nuestra Señora del Amparo",
        "id": "1146792846",
        "wikipedia_link": "",
        "gender": "female",
        "scale": 2,
        "category": "religiosa",
        "typeofroad": "service"
      }
    }
  ]
}